merchant_id,legal_name,brand_name,category_id,region_id,onboarded_date,size_band,settlement_account_bank,status
1,OOO Merchant-1,Brand1,14,5,2023-12-01,small,NBU,active
2,OOO Merchant-2,Brand2,6,8,2021-08-25,small,Aloqabank,active
3,OOO Merchant-3,Brand3,15,7,2021-07-09,small,NBU,active
4,OOO Merchant-4,Brand4,12,11,2020-09-30,small,Hamkorbank,active
5,OOO Merchant-5,Brand5,1,9,2020-01-09,micro,Hamkorbank,active
6,OOO Merchant-6,Brand6,18,1,2022-11-18,micro,Aloqabank,active
7,OOO Merchant-7,Brand7,13,4,2025-09-03,small,NBU,active
8,OOO Merchant-8,Brand8,14,1,2021-04-07,micro,NBU,active
9,OOO Merchant-9,Brand9,2,2,2022-07-13,micro,Kapitalbank,active
10,OOO Merchant-10,Brand10,6,12,2025-05-18,micro,NBU,active
11,OOO Merchant-11,Brand11,5,6,2024-06-09,small,Hamkorbank,active
12,OOO Merchant-12,Brand12,17,13,2020-01-09,small,Ipoteka,active
13,OOO Merchant-13,Brand13,11,3,2022-11-17,small,Kapitalbank,active
14,OOO Merchant-14,Brand14,14,4,2020-10-27,micro,NBU,active
15,OOO Merchant-15,Brand15,6,3,2021-06-02,micro,Kapitalbank,active
16,OOO Merchant-16,Brand16,3,1,2021-06-01,micro,NBU,active
17,OOO Merchant-17,Brand17,8,1,2023-07-10,micro,Hamkorbank,active
18,OOO Merchant-18,Brand18,1,4,2021-02-21,small,NBU,suspended
19,OOO Merchant-19,Brand19,14,1,2021-06-12,small,Agrobank,active
20,OOO Merchant-20,Brand20,11,12,2021-04-19,micro,Hamkorbank,active
21,OOO Merchant-21,Brand21,13,1,2022-01-19,micro,NBU,active
22,OOO Merchant-22,Brand22,4,1,2023-10-09,micro,NBU,active
23,OOO Merchant-23,Brand23,18,8,2022-04-19,medium,Ipoteka,active
24,OOO Merchant-24,Brand24,16,1,2021-11-18,small,NBU,active
25,OOO Merchant-25,Brand25,14,11,2022-12-22,micro,NBU,active
26,OOO Merchant-26,Brand26,2,7,2023-07-15,medium,Aloqabank,active
27,OOO Merchant-27,Brand27,7,1,2020-02-02,micro,Hamkorbank,suspended
28,OOO Merchant-28,Brand28,1,6,2025-02-12,micro,NBU,active
29,OOO Merchant-29,Brand29,2,6,2025-04-08,medium,Kapitalbank,active
30,OOO Merchant-30,Brand30,12,7,2023-06-19,micro,Ipoteka,active
31,OOO Merchant-31,Brand31,13,10,2023-04-21,micro,Agrobank,active
32,OOO Merchant-32,Brand32,18,7,2023-12-29,small,NBU,active
33,OOO Merchant-33,Brand33,4,5,2022-07-14,micro,Hamkorbank,active
34,OOO Merchant-34,Brand34,5,2,2022-02-06,small,Aloqabank,active
35,OOO Merchant-35,Brand35,7,6,2022-01-10,micro,NBU,active
36,OOO Merchant-36,Brand36,2,12,2020-12-01,micro,NBU,active
37,OOO Merchant-37,Brand37,2,5,2024-11-01,micro,Kapitalbank,active
38,OOO Merchant-38,Brand38,7,6,2021-11-04,micro,Aloqabank,active
39,OOO Merchant-39,Brand39,3,3,2021-08-20,micro,Kapitalbank,active
40,OOO Merchant-40,Brand40,11,7,2025-07-17,micro,Hamkorbank,active
41,OOO Merchant-41,Brand41,6,14,2022-11-30,medium,Aloqabank,active
42,OOO Merchant-42,Brand42,14,1,2023-07-29,micro,Aloqabank,active
43,OOO Merchant-43,Brand43,12,1,2021-05-30,micro,Kapitalbank,active
44,OOO Merchant-44,Brand44,4,4,2021-08-05,micro,Kapitalbank,active
45,OOO Merchant-45,Brand45,14,3,2024-03-09,micro,Hamkorbank,suspended
46,OOO Merchant-46,Brand46,14,5,2022-08-04,micro,Ipoteka,active
47,OOO Merchant-47,Brand47,5,1,2020-11-06,small,Aloqabank,active
48,OOO Merchant-48,Brand48,4,2,2024-10-20,micro,NBU,active
49,OOO Merchant-49,Brand49,12,5,2022-04-25,medium,NBU,active
50,OOO Merchant-50,Brand50,2,5,2023-11-04,medium,Aloqabank,active
51,OOO Merchant-51,Brand51,2,6,2021-12-17,micro,Ipoteka,active
52,OOO Merchant-52,Brand52,1,7,2023-03-23,micro,NBU,active
53,OOO Merchant-53,Brand53,14,6,2024-06-16,micro,NBU,active
54,OOO Merchant-54,Brand54,11,8,2025-02-01,small,Kapitalbank,active
55,OOO Merchant-55,Brand55,12,5,2021-03-11,micro,Aloqabank,active
56,OOO Merchant-56,Brand56,14,4,2023-11-13,medium,NBU,active
57,OOO Merchant-57,Brand57,7,5,2025-04-04,small,NBU,active
58,OOO Merchant-58,Brand58,8,1,2023-09-11,small,Kapitalbank,active
59,OOO Merchant-59,Brand59,2,1,2020-10-27,micro,Agrobank,active
60,OOO Merchant-60,Brand60,2,4,2021-02-02,large,Ipoteka,active
61,OOO Merchant-61,Brand61,11,10,2021-03-01,micro,Agrobank,active
62,OOO Merchant-62,Brand62,7,6,2020-08-11,micro,Agrobank,active
63,OOO Merchant-63,Brand63,8,1,2024-05-01,micro,Ipoteka,active
64,OOO Merchant-64,Brand64,13,5,2025-07-19,medium,Aloqabank,active
65,OOO Merchant-65,Brand65,11,1,2022-12-21,small,Hamkorbank,active
66,OOO Merchant-66,Brand66,8,7,2023-06-11,small,Kapitalbank,active
67,OOO Merchant-67,Brand67,8,10,2024-06-12,micro,Kapitalbank,active
68,OOO Merchant-68,Brand68,4,5,2022-05-22,large,Aloqabank,active
69,OOO Merchant-69,Brand69,1,5,2022-09-19,micro,Aloqabank,active
70,OOO Merchant-70,Brand70,6,2,2023-05-21,micro,Aloqabank,active
71,OOO Merchant-71,Brand71,2,3,2021-10-01,large,Agrobank,active
72,OOO Merchant-72,Brand72,5,10,2020-05-09,micro,Kapitalbank,active
73,OOO Merchant-73,Brand73,15,7,2023-04-07,micro,Aloqabank,active
74,OOO Merchant-74,Brand74,3,4,2024-09-22,small,Aloqabank,active
75,OOO Merchant-75,Brand75,1,2,2020-06-02,micro,NBU,active
76,OOO Merchant-76,Brand76,3,1,2021-03-30,micro,NBU,active
77,OOO Merchant-77,Brand77,4,1,2021-07-06,micro,Kapitalbank,active
78,OOO Merchant-78,Brand78,11,1,2024-08-16,micro,Aloqabank,active
79,OOO Merchant-79,Brand79,8,2,2022-11-25,medium,Ipoteka,active
80,OOO Merchant-80,Brand80,14,12,2023-01-27,small,Hamkorbank,closed
81,OOO Merchant-81,Brand81,11,3,2023-09-17,micro,NBU,active
82,OOO Merchant-82,Brand82,5,1,2021-08-03,micro,Ipoteka,active
83,OOO Merchant-83,Brand83,14,1,2024-02-07,micro,Hamkorbank,active
84,OOO Merchant-84,Brand84,2,2,2020-03-04,small,NBU,active
85,OOO Merchant-85,Brand85,1,9,2020-08-26,medium,Agrobank,active
86,OOO Merchant-86,Brand86,1,2,2024-09-09,medium,NBU,active
87,OOO Merchant-87,Brand87,12,8,2023-10-14,micro,Agrobank,active
88,OOO Merchant-88,Brand88,7,9,2021-01-05,micro,NBU,active
89,OOO Merchant-89,Brand89,2,1,2022-07-10,micro,Agrobank,active
90,OOO Merchant-90,Brand90,7,5,2020-04-18,small,Hamkorbank,active
91,OOO Merchant-91,Brand91,2,13,2023-11-11,micro,NBU,active
92,OOO Merchant-92,Brand92,12,2,2024-05-06,small,NBU,active
93,OOO Merchant-93,Brand93,6,1,2021-08-07,small,NBU,active
94,OOO Merchant-94,Brand94,5,11,2022-01-05,micro,Hamkorbank,active
95,OOO Merchant-95,Brand95,4,11,2021-05-12,micro,Aloqabank,active
96,OOO Merchant-96,Brand96,11,4,2022-03-28,micro,Kapitalbank,active
97,OOO Merchant-97,Brand97,4,4,2021-07-25,micro,Kapitalbank,suspended
98,OOO Merchant-98,Brand98,1,1,2021-06-02,micro,Hamkorbank,active
99,OOO Merchant-99,Brand99,2,9,2022-06-22,small,Kapitalbank,active
100,OOO Merchant-100,Brand100,18,3,2024-12-09,micro,Hamkorbank,active
101,OOO Merchant-101,Brand101,17,1,2024-05-20,micro,Kapitalbank,active
102,OOO Merchant-102,Brand102,12,6,2021-09-16,small,Hamkorbank,active
103,OOO Merchant-103,Brand103,3,12,2025-06-02,small,Agrobank,active
104,OOO Merchant-104,Brand104,18,10,2021-03-17,micro,Ipoteka,active
105,OOO Merchant-105,Brand105,14,1,2025-03-27,small,NBU,active
106,OOO Merchant-106,Brand106,12,1,2021-10-11,medium,NBU,active
107,OOO Merchant-107,Brand107,6,12,2023-02-08,small,Kapitalbank,active
108,OOO Merchant-108,Brand108,3,12,2021-03-02,small,Ipoteka,active
109,OOO Merchant-109,Brand109,1,4,2024-05-19,micro,Agrobank,active
110,OOO Merchant-110,Brand110,16,6,2021-10-29,medium,Hamkorbank,active
111,OOO Merchant-111,Brand111,7,3,2025-01-06,micro,Kapitalbank,active
112,OOO Merchant-112,Brand112,2,3,2020-06-23,medium,Aloqabank,active
113,OOO Merchant-113,Brand113,4,1,2022-11-20,small,Ipoteka,active
114,OOO Merchant-114,Brand114,9,1,2020-11-28,micro,Aloqabank,active
115,OOO Merchant-115,Brand115,2,1,2025-02-09,micro,NBU,active
116,OOO Merchant-116,Brand116,15,10,2022-05-25,small,Hamkorbank,closed
117,OOO Merchant-117,Brand117,13,1,2023-11-17,small,Agrobank,active
118,OOO Merchant-118,Brand118,12,1,2025-01-20,micro,Aloqabank,active
119,OOO Merchant-119,Brand119,6,4,2023-01-29,small,Aloqabank,active
120,OOO Merchant-120,Brand120,11,1,2020-04-30,medium,Kapitalbank,active
121,OOO Merchant-121,Brand121,9,1,2021-04-08,micro,Aloqabank,active
122,OOO Merchant-122,Brand122,11,5,2021-03-22,micro,Kapitalbank,active
123,OOO Merchant-123,Brand123,1,2,2025-04-03,micro,Hamkorbank,active
124,OOO Merchant-124,Brand124,5,5,2025-03-22,small,NBU,active
125,OOO Merchant-125,Brand125,1,11,2022-09-28,micro,NBU,active
126,OOO Merchant-126,Brand126,7,1,2025-02-12,medium,Kapitalbank,active
127,OOO Merchant-127,Brand127,4,11,2021-05-31,micro,NBU,active
128,OOO Merchant-128,Brand128,2,11,2023-11-27,small,Hamkorbank,active
129,OOO Merchant-129,Brand129,1,10,2022-04-03,micro,Aloqabank,suspended
130,OOO Merchant-130,Brand130,9,6,2021-05-19,micro,Agrobank,active
131,OOO Merchant-131,Brand131,2,5,2021-06-09,small,NBU,active
132,OOO Merchant-132,Brand132,17,6,2022-05-31,micro,Agrobank,active
133,OOO Merchant-133,Brand133,9,6,2021-12-14,micro,NBU,active
134,OOO Merchant-134,Brand134,4,1,2021-03-19,medium,Kapitalbank,active
135,OOO Merchant-135,Brand135,9,12,2021-12-02,medium,Aloqabank,active
136,OOO Merchant-136,Brand136,1,5,2020-09-27,medium,NBU,active
137,OOO Merchant-137,Brand137,18,8,2025-07-29,micro,NBU,active
138,OOO Merchant-138,Brand138,7,2,2022-03-08,small,NBU,active
139,OOO Merchant-139,Brand139,14,1,2020-08-13,medium,Kapitalbank,active
140,OOO Merchant-140,Brand140,1,4,2023-04-24,micro,Aloqabank,active
141,OOO Merchant-141,Brand141,7,4,2025-01-28,micro,NBU,suspended
142,OOO Merchant-142,Brand142,7,3,2022-01-25,small,NBU,active
143,OOO Merchant-143,Brand143,17,2,2024-11-10,micro,Kapitalbank,active
144,OOO Merchant-144,Brand144,8,1,2023-07-06,small,Ipoteka,active
145,OOO Merchant-145,Brand145,7,4,2024-04-01,large,Hamkorbank,active
146,OOO Merchant-146,Brand146,3,2,2021-09-14,small,Agrobank,active
147,OOO Merchant-147,Brand147,4,13,2020-03-18,micro,Aloqabank,suspended
148,OOO Merchant-148,Brand148,8,1,2021-12-27,micro,Aloqabank,active
149,OOO Merchant-149,Brand149,6,2,2025-04-25,micro,Kapitalbank,active
150,OOO Merchant-150,Brand150,1,1,2024-07-18,micro,Aloqabank,active
151,OOO Merchant-151,Brand151,14,4,2024-07-04,small,NBU,active
152,OOO Merchant-152,Brand152,16,3,2025-01-18,small,NBU,active
153,OOO Merchant-153,Brand153,2,6,2022-02-22,micro,Hamkorbank,active
154,OOO Merchant-154,Brand154,8,12,2021-11-07,micro,NBU,active
155,OOO Merchant-155,Brand155,2,1,2025-04-26,medium,Agrobank,active
156,OOO Merchant-156,Brand156,11,6,2023-04-15,micro,Hamkorbank,active
157,OOO Merchant-157,Brand157,3,1,2021-09-17,micro,Agrobank,active
158,OOO Merchant-158,Brand158,11,1,2021-08-07,micro,Ipoteka,active
159,OOO Merchant-159,Brand159,13,3,2025-01-16,small,Kapitalbank,active
160,OOO Merchant-160,Brand160,13,1,2020-04-22,micro,Hamkorbank,active
161,OOO Merchant-161,Brand161,2,5,2020-05-09,small,Ipoteka,active
162,OOO Merchant-162,Brand162,17,6,2024-03-29,micro,Kapitalbank,active
163,OOO Merchant-163,Brand163,3,7,2020-01-03,small,Hamkorbank,active
164,OOO Merchant-164,Brand164,1,4,2020-12-25,micro,Agrobank,active
165,OOO Merchant-165,Brand165,8,5,2025-09-11,micro,Hamkorbank,active
166,OOO Merchant-166,Brand166,5,2,2022-06-12,micro,NBU,active
167,OOO Merchant-167,Brand167,14,1,2024-03-08,micro,Kapitalbank,active
168,OOO Merchant-168,Brand168,14,1,2022-10-19,micro,Hamkorbank,active
169,OOO Merchant-169,Brand169,4,6,2020-07-09,micro,NBU,active
170,OOO Merchant-170,Brand170,18,14,2021-01-22,micro,Kapitalbank,active
171,OOO Merchant-171,Brand171,4,1,2024-05-17,micro,Ipoteka,active
172,OOO Merchant-172,Brand172,8,5,2020-07-17,medium,NBU,active
173,OOO Merchant-173,Brand173,3,7,2023-06-02,micro,Kapitalbank,active
174,OOO Merchant-174,Brand174,17,10,2021-12-31,small,NBU,active
175,OOO Merchant-175,Brand175,2,4,2022-02-16,large,Hamkorbank,active
176,OOO Merchant-176,Brand176,1,5,2025-06-22,micro,NBU,active
177,OOO Merchant-177,Brand177,6,6,2023-06-26,small,Hamkorbank,closed
178,OOO Merchant-178,Brand178,18,10,2023-07-15,medium,NBU,active
179,OOO Merchant-179,Brand179,16,1,2022-01-05,small,Agrobank,active
180,OOO Merchant-180,Brand180,13,11,2022-03-11,micro,NBU,active
181,OOO Merchant-181,Brand181,16,1,2023-12-11,micro,Kapitalbank,active
182,OOO Merchant-182,Brand182,16,10,2020-03-22,micro,Ipoteka,active
183,OOO Merchant-183,Brand183,8,1,2021-05-13,micro,Ipoteka,active
184,OOO Merchant-184,Brand184,4,1,2023-06-14,large,Kapitalbank,active
185,OOO Merchant-185,Brand185,13,1,2023-08-02,medium,Aloqabank,active
186,OOO Merchant-186,Brand186,11,3,2020-07-12,micro,Agrobank,suspended
187,OOO Merchant-187,Brand187,5,2,2024-07-12,small,Ipoteka,active
188,OOO Merchant-188,Brand188,1,1,2023-02-13,micro,NBU,active
189,OOO Merchant-189,Brand189,13,3,2021-05-14,medium,Hamkorbank,active
190,OOO Merchant-190,Brand190,3,2,2024-04-28,micro,Hamkorbank,active
191,OOO Merchant-191,Brand191,17,8,2025-09-11,medium,NBU,active
192,OOO Merchant-192,Brand192,3,11,2022-06-08,small,Aloqabank,active
193,OOO Merchant-193,Brand193,2,6,2021-08-18,micro,Kapitalbank,active
194,OOO Merchant-194,Brand194,14,1,2021-09-20,micro,Hamkorbank,active
195,OOO Merchant-195,Brand195,2,1,2023-05-29,small,Ipoteka,active
196,OOO Merchant-196,Brand196,2,11,2020-04-09,micro,Kapitalbank,active
197,OOO Merchant-197,Brand197,10,1,2022-10-12,micro,NBU,active
198,OOO Merchant-198,Brand198,15,2,2020-02-22,medium,Aloqabank,active
199,OOO Merchant-199,Brand199,2,12,2020-03-22,small,NBU,active
200,OOO Merchant-200,Brand200,4,12,2022-06-22,micro,Aloqabank,active
201,OOO Merchant-201,Brand201,14,2,2024-04-14,micro,Aloqabank,active
202,OOO Merchant-202,Brand202,18,6,2025-01-29,micro,Hamkorbank,active
203,OOO Merchant-203,Brand203,7,3,2020-07-03,medium,NBU,active
204,OOO Merchant-204,Brand204,2,7,2021-05-27,micro,Ipoteka,active
205,OOO Merchant-205,Brand205,1,1,2022-06-04,micro,Kapitalbank,active
206,OOO Merchant-206,Brand206,3,1,2023-04-20,micro,Hamkorbank,active
207,OOO Merchant-207,Brand207,2,5,2025-09-03,medium,Agrobank,active
208,OOO Merchant-208,Brand208,12,1,2023-12-08,micro,Ipoteka,active
209,OOO Merchant-209,Brand209,2,6,2023-02-04,medium,Aloqabank,active
210,OOO Merchant-210,Brand210,8,2,2020-05-07,small,NBU,active
211,OOO Merchant-211,Brand211,12,11,2020-06-18,small,Ipoteka,active
212,OOO Merchant-212,Brand212,9,9,2020-11-17,large,NBU,active
213,OOO Merchant-213,Brand213,2,3,2023-10-19,small,Hamkorbank,active
214,OOO Merchant-214,Brand214,14,8,2021-11-26,medium,NBU,active
215,OOO Merchant-215,Brand215,12,1,2021-05-20,micro,Ipoteka,active
216,OOO Merchant-216,Brand216,13,3,2023-11-08,small,Aloqabank,active
217,OOO Merchant-217,Brand217,2,1,2024-09-08,micro,Kapitalbank,active
218,OOO Merchant-218,Brand218,2,10,2022-07-10,micro,NBU,active
219,OOO Merchant-219,Brand219,17,9,2025-01-25,medium,NBU,active
220,OOO Merchant-220,Brand220,5,11,2024-03-21,large,Kapitalbank,active
221,OOO Merchant-221,Brand221,4,10,2024-02-13,small,Ipoteka,active
222,OOO Merchant-222,Brand222,7,13,2024-12-26,micro,NBU,active
223,OOO Merchant-223,Brand223,11,1,2021-01-20,micro,Hamkorbank,active
224,OOO Merchant-224,Brand224,18,12,2024-05-11,micro,Ipoteka,active
225,OOO Merchant-225,Brand225,3,5,2025-07-04,micro,Hamkorbank,active
226,OOO Merchant-226,Brand226,17,3,2025-09-14,micro,Ipoteka,active
227,OOO Merchant-227,Brand227,1,5,2023-04-28,micro,NBU,active
228,OOO Merchant-228,Brand228,8,2,2024-05-03,micro,NBU,active
229,OOO Merchant-229,Brand229,11,1,2025-02-09,small,Ipoteka,active
230,OOO Merchant-230,Brand230,1,1,2024-11-24,micro,NBU,active
231,OOO Merchant-231,Brand231,2,1,2025-02-28,medium,Ipoteka,active
232,OOO Merchant-232,Brand232,5,3,2024-10-13,small,Agrobank,active
233,OOO Merchant-233,Brand233,18,11,2022-03-11,micro,Aloqabank,active
234,OOO Merchant-234,Brand234,10,6,2024-03-13,micro,Ipoteka,active
235,OOO Merchant-235,Brand235,17,4,2022-05-11,micro,Kapitalbank,active
236,OOO Merchant-236,Brand236,14,3,2024-08-10,large,Kapitalbank,active
237,OOO Merchant-237,Brand237,7,3,2024-08-28,micro,Aloqabank,active
238,OOO Merchant-238,Brand238,14,1,2025-05-16,micro,Ipoteka,active
239,OOO Merchant-239,Brand239,1,9,2023-05-20,medium,Ipoteka,active
240,OOO Merchant-240,Brand240,2,1,2022-09-24,large,Ipoteka,active
241,OOO Merchant-241,Brand241,14,7,2020-12-13,micro,NBU,active
242,OOO Merchant-242,Brand242,14,7,2023-09-02,micro,Ipoteka,active
243,OOO Merchant-243,Brand243,3,5,2023-04-04,micro,Aloqabank,active
244,OOO Merchant-244,Brand244,8,10,2022-12-17,micro,Agrobank,active
245,OOO Merchant-245,Brand245,11,1,2023-11-21,micro,NBU,active
246,OOO Merchant-246,Brand246,15,11,2024-11-22,small,Kapitalbank,active
247,OOO Merchant-247,Brand247,10,7,2020-11-08,medium,Kapitalbank,active
248,OOO Merchant-248,Brand248,5,9,2022-06-24,micro,Kapitalbank,active
249,OOO Merchant-249,Brand249,5,6,2024-02-25,small,Kapitalbank,active
250,OOO Merchant-250,Brand250,5,10,2024-09-17,micro,NBU,active
251,OOO Merchant-251,Brand251,11,14,2024-06-22,small,Aloqabank,active
252,OOO Merchant-252,Brand252,15,3,2024-08-05,small,Agrobank,active
253,OOO Merchant-253,Brand253,6,9,2024-11-30,medium,Hamkorbank,active
254,OOO Merchant-254,Brand254,3,7,2025-07-12,medium,Hamkorbank,active
255,OOO Merchant-255,Brand255,3,3,2023-06-30,micro,Kapitalbank,active
256,OOO Merchant-256,Brand256,13,11,2021-06-06,micro,Ipoteka,active
257,OOO Merchant-257,Brand257,14,2,2023-03-29,micro,NBU,active
258,OOO Merchant-258,Brand258,1,5,2024-01-30,micro,Hamkorbank,active
259,OOO Merchant-259,Brand259,1,1,2020-07-30,medium,NBU,active
260,OOO Merchant-260,Brand260,10,1,2024-05-08,micro,Aloqabank,active
261,OOO Merchant-261,Brand261,2,10,2023-02-16,small,Kapitalbank,active
262,OOO Merchant-262,Brand262,14,2,2025-05-20,micro,Kapitalbank,active
263,OOO Merchant-263,Brand263,4,2,2021-03-20,micro,Ipoteka,active
264,OOO Merchant-264,Brand264,2,1,2025-03-19,micro,Agrobank,active
265,OOO Merchant-265,Brand265,17,3,2022-07-29,small,NBU,active
266,OOO Merchant-266,Brand266,2,9,2023-04-19,small,NBU,active
267,OOO Merchant-267,Brand267,3,11,2023-10-18,micro,NBU,active
268,OOO Merchant-268,Brand268,2,1,2023-05-01,micro,Hamkorbank,active
269,OOO Merchant-269,Brand269,2,5,2025-03-13,small,Agrobank,active
270,OOO Merchant-270,Brand270,1,3,2020-12-17,micro,Ipoteka,active
271,OOO Merchant-271,Brand271,1,5,2024-03-12,medium,Agrobank,active
272,OOO Merchant-272,Brand272,2,3,2025-08-09,micro,Ipoteka,active
273,OOO Merchant-273,Brand273,1,2,2021-04-07,micro,Hamkorbank,active
274,OOO Merchant-274,Brand274,9,3,2021-06-19,micro,NBU,active
275,OOO Merchant-275,Brand275,12,5,2022-09-24,micro,Kapitalbank,active
276,OOO Merchant-276,Brand276,5,3,2024-03-01,micro,Hamkorbank,active
277,OOO Merchant-277,Brand277,4,3,2025-07-06,micro,Kapitalbank,active
278,OOO Merchant-278,Brand278,8,9,2024-07-29,large,Ipoteka,active
279,OOO Merchant-279,Brand279,15,7,2024-07-25,micro,Aloqabank,active
280,OOO Merchant-280,Brand280,15,2,2022-07-15,micro,Agrobank,active
281,OOO Merchant-281,Brand281,1,9,2023-09-17,micro,Kapitalbank,active
282,OOO Merchant-282,Brand282,2,10,2021-03-19,micro,Hamkorbank,active
283,OOO Merchant-283,Brand283,3,1,2022-08-30,small,Aloqabank,active
284,OOO Merchant-284,Brand284,3,5,2021-01-31,micro,Ipoteka,active
285,OOO Merchant-285,Brand285,8,1,2020-02-26,small,Aloqabank,active
286,OOO Merchant-286,Brand286,5,7,2024-12-03,micro,Ipoteka,active
287,OOO Merchant-287,Brand287,1,1,2024-08-16,large,Aloqabank,active
288,OOO Merchant-288,Brand288,5,6,2022-12-08,micro,NBU,active
289,OOO Merchant-289,Brand289,8,1,2020-01-31,medium,Ipoteka,active
290,OOO Merchant-290,Brand290,1,4,2020-07-08,micro,Kapitalbank,active
291,OOO Merchant-291,Brand291,15,12,2020-08-22,micro,Kapitalbank,active
292,OOO Merchant-292,Brand292,1,2,2024-02-14,small,Aloqabank,active
293,OOO Merchant-293,Brand293,17,10,2021-03-03,small,Agrobank,active
294,OOO Merchant-294,Brand294,1,14,2021-06-09,small,NBU,active
295,OOO Merchant-295,Brand295,15,10,2024-12-13,micro,Ipoteka,active
296,OOO Merchant-296,Brand296,16,1,2025-01-14,small,Ipoteka,active
297,OOO Merchant-297,Brand297,18,9,2024-05-21,medium,Kapitalbank,active
298,OOO Merchant-298,Brand298,14,1,2021-10-12,small,Kapitalbank,active
299,OOO Merchant-299,Brand299,14,2,2023-05-02,micro,Aloqabank,active
300,OOO Merchant-300,Brand300,11,10,2021-02-24,small,Aloqabank,active
301,OOO Merchant-301,Brand301,14,6,2024-12-06,small,NBU,active
302,OOO Merchant-302,Brand302,2,4,2020-06-27,medium,Kapitalbank,active
303,OOO Merchant-303,Brand303,8,2,2024-04-12,micro,Hamkorbank,active
304,OOO Merchant-304,Brand304,8,9,2022-12-10,micro,Kapitalbank,active
305,OOO Merchant-305,Brand305,15,7,2024-05-09,small,NBU,active
306,OOO Merchant-306,Brand306,7,3,2022-08-04,micro,Kapitalbank,active
307,OOO Merchant-307,Brand307,5,11,2020-11-28,small,Kapitalbank,active
308,OOO Merchant-308,Brand308,11,1,2024-04-26,micro,NBU,active
309,OOO Merchant-309,Brand309,3,1,2023-08-18,micro,Aloqabank,active
310,OOO Merchant-310,Brand310,2,6,2022-09-02,small,Ipoteka,active
311,OOO Merchant-311,Brand311,7,13,2022-02-21,micro,Hamkorbank,active
312,OOO Merchant-312,Brand312,5,1,2021-12-23,micro,Kapitalbank,active
313,OOO Merchant-313,Brand313,3,1,2022-10-07,small,Aloqabank,closed
314,OOO Merchant-314,Brand314,4,1,2021-07-03,small,NBU,active
315,OOO Merchant-315,Brand315,4,10,2021-08-15,medium,NBU,active
316,OOO Merchant-316,Brand316,4,1,2021-08-07,micro,Ipoteka,active
317,OOO Merchant-317,Brand317,5,3,2020-01-27,micro,Kapitalbank,active
318,OOO Merchant-318,Brand318,12,14,2025-05-02,medium,Ipoteka,closed
319,OOO Merchant-319,Brand319,4,1,2021-05-11,micro,Aloqabank,active
320,OOO Merchant-320,Brand320,18,4,2020-12-12,micro,Ipoteka,active
321,OOO Merchant-321,Brand321,17,4,2020-11-13,micro,NBU,active
322,OOO Merchant-322,Brand322,7,9,2025-09-06,micro,Kapitalbank,active
323,OOO Merchant-323,Brand323,4,2,2022-09-28,medium,Aloqabank,active
324,OOO Merchant-324,Brand324,8,2,2021-11-17,small,Aloqabank,active
325,OOO Merchant-325,Brand325,15,1,2022-04-28,small,Hamkorbank,active
326,OOO Merchant-326,Brand326,11,7,2020-07-04,micro,Kapitalbank,active
327,OOO Merchant-327,Brand327,14,8,2021-10-20,micro,Hamkorbank,active
328,OOO Merchant-328,Brand328,8,1,2021-06-06,micro,Hamkorbank,active
329,OOO Merchant-329,Brand329,11,2,2024-08-13,micro,Ipoteka,active
330,OOO Merchant-330,Brand330,4,11,2020-05-02,micro,Kapitalbank,active
331,OOO Merchant-331,Brand331,13,1,2022-06-12,micro,Aloqabank,active
332,OOO Merchant-332,Brand332,2,1,2024-07-17,micro,Ipoteka,active
333,OOO Merchant-333,Brand333,12,4,2024-10-16,small,Hamkorbank,active
334,OOO Merchant-334,Brand334,15,2,2022-12-12,small,Kapitalbank,active
335,OOO Merchant-335,Brand335,2,1,2021-04-12,micro,Kapitalbank,active
336,OOO Merchant-336,Brand336,11,3,2021-12-08,micro,NBU,suspended
337,OOO Merchant-337,Brand337,1,1,2021-04-11,small,Hamkorbank,active
338,OOO Merchant-338,Brand338,13,4,2023-10-22,small,Aloqabank,active
339,OOO Merchant-339,Brand339,1,7,2021-09-06,small,NBU,active
340,OOO Merchant-340,Brand340,17,5,2023-08-17,micro,Ipoteka,active
341,OOO Merchant-341,Brand341,2,1,2023-10-08,small,NBU,active
342,OOO Merchant-342,Brand342,18,10,2025-05-27,micro,NBU,active
343,OOO Merchant-343,Brand343,14,1,2022-02-16,micro,Agrobank,active
344,OOO Merchant-344,Brand344,10,8,2025-07-11,micro,Kapitalbank,active
345,OOO Merchant-345,Brand345,14,2,2022-04-21,micro,Ipoteka,active
346,OOO Merchant-346,Brand346,14,8,2023-11-30,micro,Ipoteka,active
347,OOO Merchant-347,Brand347,18,1,2023-10-21,micro,Agrobank,active
348,OOO Merchant-348,Brand348,3,1,2024-09-13,small,Ipoteka,suspended
349,OOO Merchant-349,Brand349,9,3,2022-09-12,micro,Hamkorbank,suspended
350,OOO Merchant-350,Brand350,1,1,2024-07-22,micro,Ipoteka,suspended
351,OOO Merchant-351,Brand351,11,1,2022-01-16,micro,NBU,active
352,OOO Merchant-352,Brand352,2,7,2022-10-28,micro,Hamkorbank,active
353,OOO Merchant-353,Brand353,8,10,2022-11-15,micro,NBU,active
354,OOO Merchant-354,Brand354,8,1,2024-01-19,micro,Hamkorbank,active
355,OOO Merchant-355,Brand355,7,11,2023-07-22,micro,Ipoteka,active
356,OOO Merchant-356,Brand356,8,9,2020-06-13,small,Hamkorbank,active
357,OOO Merchant-357,Brand357,13,10,2024-08-26,medium,Aloqabank,active
358,OOO Merchant-358,Brand358,14,6,2024-05-10,micro,Hamkorbank,active
359,OOO Merchant-359,Brand359,7,6,2020-08-07,small,NBU,active
360,OOO Merchant-360,Brand360,10,4,2025-07-12,medium,Hamkorbank,active
361,OOO Merchant-361,Brand361,17,6,2023-10-19,large,Agrobank,active
362,OOO Merchant-362,Brand362,2,11,2020-06-27,small,Ipoteka,active
363,OOO Merchant-363,Brand363,2,1,2022-10-28,medium,Ipoteka,active
364,OOO Merchant-364,Brand364,1,2,2024-10-21,medium,Aloqabank,active
365,OOO Merchant-365,Brand365,11,1,2021-08-10,small,NBU,active
366,OOO Merchant-366,Brand366,5,12,2025-05-13,micro,Hamkorbank,active
367,OOO Merchant-367,Brand367,14,3,2022-05-28,micro,Aloqabank,active
368,OOO Merchant-368,Brand368,11,6,2021-04-19,micro,NBU,active
369,OOO Merchant-369,Brand369,4,10,2022-01-18,micro,Kapitalbank,active
370,OOO Merchant-370,Brand370,16,14,2023-01-07,micro,Kapitalbank,active
371,OOO Merchant-371,Brand371,13,1,2023-12-16,micro,Ipoteka,active
372,OOO Merchant-372,Brand372,3,9,2025-05-02,small,Aloqabank,active
373,OOO Merchant-373,Brand373,4,11,2021-02-13,small,NBU,active
374,OOO Merchant-374,Brand374,4,1,2025-07-09,small,Ipoteka,active
375,OOO Merchant-375,Brand375,2,7,2023-01-13,micro,Aloqabank,active
376,OOO Merchant-376,Brand376,2,2,2020-09-25,micro,NBU,active
377,OOO Merchant-377,Brand377,17,6,2025-04-29,small,Aloqabank,active
378,OOO Merchant-378,Brand378,6,4,2022-01-02,small,NBU,active
379,OOO Merchant-379,Brand379,5,1,2023-07-27,large,Kapitalbank,active
380,OOO Merchant-380,Brand380,13,1,2024-01-06,medium,NBU,active
381,OOO Merchant-381,Brand381,8,1,2020-01-29,medium,Hamkorbank,closed
382,OOO Merchant-382,Brand382,17,1,2021-04-10,micro,Aloqabank,closed
383,OOO Merchant-383,Brand383,14,6,2023-12-12,micro,Aloqabank,active
384,OOO Merchant-384,Brand384,7,2,2021-11-13,micro,Agrobank,active
385,OOO Merchant-385,Brand385,5,1,2020-01-20,small,Hamkorbank,active
386,OOO Merchant-386,Brand386,18,6,2020-02-18,medium,Aloqabank,active
387,OOO Merchant-387,Brand387,12,6,2024-10-01,micro,Kapitalbank,active
388,OOO Merchant-388,Brand388,18,4,2020-11-18,small,Agrobank,active
389,OOO Merchant-389,Brand389,2,12,2020-07-29,micro,Hamkorbank,active
390,OOO Merchant-390,Brand390,15,2,2023-03-26,micro,Agrobank,active
391,OOO Merchant-391,Brand391,11,10,2020-09-06,micro,Ipoteka,active
392,OOO Merchant-392,Brand392,2,1,2023-10-03,micro,Kapitalbank,active
393,OOO Merchant-393,Brand393,9,7,2023-02-16,medium,Hamkorbank,active
394,OOO Merchant-394,Brand394,12,14,2023-09-24,micro,NBU,active
395,OOO Merchant-395,Brand395,1,10,2022-10-29,small,NBU,active
396,OOO Merchant-396,Brand396,7,5,2024-06-22,small,Agrobank,active
397,OOO Merchant-397,Brand397,14,5,2023-09-15,micro,Kapitalbank,active
398,OOO Merchant-398,Brand398,4,2,2022-05-22,micro,NBU,active
399,OOO Merchant-399,Brand399,7,6,2020-02-02,small,Ipoteka,active
400,OOO Merchant-400,Brand400,6,8,2021-07-28,micro,Kapitalbank,active
401,OOO Merchant-401,Brand401,4,14,2020-10-03,medium,Hamkorbank,active
402,OOO Merchant-402,Brand402,17,3,2020-02-02,micro,Agrobank,active
403,OOO Merchant-403,Brand403,14,1,2021-07-27,small,Agrobank,active
404,OOO Merchant-404,Brand404,2,5,2021-03-09,small,Hamkorbank,active
405,OOO Merchant-405,Brand405,18,1,2020-06-10,micro,Hamkorbank,active
406,OOO Merchant-406,Brand406,15,1,2021-10-18,micro,Ipoteka,active
407,OOO Merchant-407,Brand407,3,2,2022-11-29,medium,Aloqabank,active
408,OOO Merchant-408,Brand408,15,7,2021-01-09,micro,NBU,active
409,OOO Merchant-409,Brand409,1,1,2021-07-27,micro,NBU,active
410,OOO Merchant-410,Brand410,18,1,2020-02-12,micro,Agrobank,active
411,OOO Merchant-411,Brand411,11,1,2020-04-15,micro,Aloqabank,active
412,OOO Merchant-412,Brand412,11,10,2020-11-26,small,Ipoteka,active
413,OOO Merchant-413,Brand413,1,6,2022-08-09,small,Hamkorbank,active
414,OOO Merchant-414,Brand414,16,1,2023-10-30,micro,Kapitalbank,active
415,OOO Merchant-415,Brand415,1,1,2024-07-13,small,Ipoteka,active
416,OOO Merchant-416,Brand416,3,5,2023-08-15,micro,Ipoteka,active
417,OOO Merchant-417,Brand417,2,1,2023-07-19,micro,NBU,active
418,OOO Merchant-418,Brand418,14,5,2025-05-18,small,Kapitalbank,active
419,OOO Merchant-419,Brand419,2,3,2021-06-20,large,Kapitalbank,active
420,OOO Merchant-420,Brand420,17,11,2024-08-03,micro,Kapitalbank,active
421,OOO Merchant-421,Brand421,11,1,2025-05-21,micro,NBU,active
422,OOO Merchant-422,Brand422,1,6,2023-04-07,micro,Agrobank,active
423,OOO Merchant-423,Brand423,1,1,2024-10-31,small,Hamkorbank,active
424,OOO Merchant-424,Brand424,1,12,2020-10-15,micro,Agrobank,active
425,OOO Merchant-425,Brand425,11,14,2025-01-19,micro,NBU,active
426,OOO Merchant-426,Brand426,14,7,2023-03-30,small,Hamkorbank,active
427,OOO Merchant-427,Brand427,3,3,2021-04-10,micro,Aloqabank,active
428,OOO Merchant-428,Brand428,15,1,2020-05-09,micro,Ipoteka,active
429,OOO Merchant-429,Brand429,1,9,2024-02-20,micro,NBU,active
430,OOO Merchant-430,Brand430,14,7,2022-06-23,micro,Ipoteka,active
431,OOO Merchant-431,Brand431,17,1,2021-10-13,micro,Ipoteka,active
432,OOO Merchant-432,Brand432,13,3,2022-03-30,medium,Kapitalbank,active
433,OOO Merchant-433,Brand433,12,3,2025-09-12,small,Ipoteka,active
434,OOO Merchant-434,Brand434,15,10,2022-06-17,small,Ipoteka,active
435,OOO Merchant-435,Brand435,1,6,2020-06-14,large,Hamkorbank,active
436,OOO Merchant-436,Brand436,2,6,2021-08-10,micro,NBU,active
437,OOO Merchant-437,Brand437,2,6,2020-11-01,micro,Ipoteka,active
438,OOO Merchant-438,Brand438,8,1,2023-12-11,medium,Hamkorbank,active
439,OOO Merchant-439,Brand439,13,2,2024-08-07,micro,NBU,active
440,OOO Merchant-440,Brand440,11,1,2024-10-31,small,Ipoteka,active
441,OOO Merchant-441,Brand441,15,8,2023-08-22,small,NBU,active
442,OOO Merchant-442,Brand442,2,3,2024-06-01,micro,NBU,active
443,OOO Merchant-443,Brand443,13,3,2022-05-26,micro,Kapitalbank,active
444,OOO Merchant-444,Brand444,2,1,2023-08-11,micro,NBU,active
445,OOO Merchant-445,Brand445,3,1,2020-08-12,micro,Ipoteka,active
446,OOO Merchant-446,Brand446,12,5,2023-02-04,micro,Agrobank,active
447,OOO Merchant-447,Brand447,18,1,2023-03-16,micro,Agrobank,active
448,OOO Merchant-448,Brand448,11,1,2020-03-06,small,NBU,active
449,OOO Merchant-449,Brand449,1,8,2023-02-25,medium,Ipoteka,active
450,OOO Merchant-450,Brand450,11,2,2024-02-27,small,Kapitalbank,active
451,OOO Merchant-451,Brand451,1,2,2022-02-10,micro,Aloqabank,closed
452,OOO Merchant-452,Brand452,16,3,2023-02-18,micro,Aloqabank,active
453,OOO Merchant-453,Brand453,12,9,2021-08-23,micro,NBU,active
454,OOO Merchant-454,Brand454,2,2,2021-07-22,micro,NBU,active
455,OOO Merchant-455,Brand455,1,7,2020-09-28,medium,Kapitalbank,active
456,OOO Merchant-456,Brand456,2,12,2021-11-19,micro,Aloqabank,active
457,OOO Merchant-457,Brand457,18,6,2024-08-13,micro,Agrobank,active
458,OOO Merchant-458,Brand458,7,3,2025-05-18,small,NBU,active
459,OOO Merchant-459,Brand459,14,7,2023-08-27,micro,Kapitalbank,active
460,OOO Merchant-460,Brand460,11,3,2023-08-04,micro,NBU,active
461,OOO Merchant-461,Brand461,8,3,2023-07-13,micro,Hamkorbank,active
462,OOO Merchant-462,Brand462,2,4,2022-09-26,small,Agrobank,active
463,OOO Merchant-463,Brand463,18,2,2022-06-07,small,Kapitalbank,active
464,OOO Merchant-464,Brand464,4,1,2023-07-27,micro,NBU,active
465,OOO Merchant-465,Brand465,9,3,2024-07-05,medium,Kapitalbank,active
466,OOO Merchant-466,Brand466,12,1,2022-05-18,medium,Kapitalbank,active
467,OOO Merchant-467,Brand467,11,2,2023-04-03,small,Aloqabank,active
468,OOO Merchant-468,Brand468,18,5,2022-09-14,micro,Ipoteka,active
469,OOO Merchant-469,Brand469,2,12,2021-08-22,micro,Aloqabank,active
470,OOO Merchant-470,Brand470,8,1,2021-09-01,medium,Ipoteka,active
471,OOO Merchant-471,Brand471,5,5,2020-06-14,micro,NBU,active
472,OOO Merchant-472,Brand472,7,3,2022-07-12,small,Ipoteka,active
473,OOO Merchant-473,Brand473,2,1,2024-02-05,small,NBU,active
474,OOO Merchant-474,Brand474,2,1,2023-12-10,micro,Ipoteka,active
475,OOO Merchant-475,Brand475,3,1,2025-08-31,small,Hamkorbank,active
476,OOO Merchant-476,Brand476,4,1,2020-03-24,medium,NBU,active
477,OOO Merchant-477,Brand477,5,1,2024-05-16,small,NBU,active
478,OOO Merchant-478,Brand478,11,2,2024-07-27,micro,NBU,active
479,OOO Merchant-479,Brand479,11,4,2022-07-05,medium,NBU,active
480,OOO Merchant-480,Brand480,5,1,2021-08-17,micro,Aloqabank,active
481,OOO Merchant-481,Brand481,5,1,2022-01-19,small,Agrobank,active
482,OOO Merchant-482,Brand482,3,1,2023-12-04,small,NBU,active
483,OOO Merchant-483,Brand483,9,4,2024-12-15,small,Aloqabank,active
484,OOO Merchant-484,Brand484,4,2,2023-09-11,micro,Hamkorbank,suspended
485,OOO Merchant-485,Brand485,1,4,2022-12-15,micro,Agrobank,active
486,OOO Merchant-486,Brand486,5,1,2023-10-02,micro,Ipoteka,active
487,OOO Merchant-487,Brand487,7,1,2020-05-28,micro,Ipoteka,active
488,OOO Merchant-488,Brand488,3,12,2023-07-01,micro,Kapitalbank,active
489,OOO Merchant-489,Brand489,8,1,2020-03-29,small,Aloqabank,active
490,OOO Merchant-490,Brand490,8,1,2025-07-07,micro,Hamkorbank,active
491,OOO Merchant-491,Brand491,12,1,2025-02-10,small,Kapitalbank,suspended
492,OOO Merchant-492,Brand492,11,14,2022-12-03,medium,Ipoteka,active
493,OOO Merchant-493,Brand493,11,5,2022-02-24,micro,Hamkorbank,active
494,OOO Merchant-494,Brand494,4,5,2024-03-17,small,Aloqabank,active
495,OOO Merchant-495,Brand495,14,14,2023-08-31,small,Kapitalbank,active
496,OOO Merchant-496,Brand496,8,1,2024-01-21,micro,Hamkorbank,active
497,OOO Merchant-497,Brand497,6,13,2022-12-18,micro,Kapitalbank,active
498,OOO Merchant-498,Brand498,11,1,2021-05-11,small,Kapitalbank,active
499,OOO Merchant-499,Brand499,4,5,2020-06-02,medium,Kapitalbank,active
500,OOO Merchant-500,Brand500,8,3,2021-08-17,small,Aloqabank,active
501,OOO Merchant-501,Brand501,13,2,2023-01-15,medium,Agrobank,active
502,OOO Merchant-502,Brand502,16,12,2022-06-09,large,Kapitalbank,active
503,OOO Merchant-503,Brand503,17,1,2022-11-29,micro,Ipoteka,active
504,OOO Merchant-504,Brand504,8,14,2021-08-06,small,Ipoteka,active
505,OOO Merchant-505,Brand505,8,2,2025-05-23,micro,NBU,active
506,OOO Merchant-506,Brand506,14,6,2022-02-09,large,Ipoteka,active
507,OOO Merchant-507,Brand507,4,13,2024-11-11,micro,NBU,active
508,OOO Merchant-508,Brand508,15,1,2022-04-01,micro,Kapitalbank,active
509,OOO Merchant-509,Brand509,7,11,2022-07-20,medium,NBU,active
510,OOO Merchant-510,Brand510,2,5,2023-06-22,micro,Ipoteka,active
511,OOO Merchant-511,Brand511,1,7,2021-07-06,small,Aloqabank,suspended
512,OOO Merchant-512,Brand512,15,1,2021-04-06,micro,Ipoteka,active
513,OOO Merchant-513,Brand513,1,4,2022-03-07,large,Hamkorbank,active
514,OOO Merchant-514,Brand514,3,6,2024-08-16,medium,Agrobank,active
515,OOO Merchant-515,Brand515,4,3,2020-10-30,micro,Kapitalbank,active
516,OOO Merchant-516,Brand516,2,1,2022-07-07,small,NBU,active
517,OOO Merchant-517,Brand517,4,1,2023-11-12,micro,Ipoteka,active
518,OOO Merchant-518,Brand518,13,10,2024-01-23,small,Hamkorbank,active
519,OOO Merchant-519,Brand519,1,1,2022-07-01,small,Kapitalbank,active
520,OOO Merchant-520,Brand520,14,7,2020-06-20,small,NBU,active
521,OOO Merchant-521,Brand521,15,14,2020-02-03,micro,Kapitalbank,active
522,OOO Merchant-522,Brand522,5,1,2022-09-13,micro,Kapitalbank,active
523,OOO Merchant-523,Brand523,2,1,2024-08-28,small,Ipoteka,active
524,OOO Merchant-524,Brand524,10,6,2020-02-29,small,Hamkorbank,active
525,OOO Merchant-525,Brand525,2,1,2025-02-06,micro,NBU,active
526,OOO Merchant-526,Brand526,4,5,2023-11-20,micro,Ipoteka,active
527,OOO Merchant-527,Brand527,18,6,2020-01-17,micro,Aloqabank,active
528,OOO Merchant-528,Brand528,18,5,2021-12-22,medium,Ipoteka,active
529,OOO Merchant-529,Brand529,13,2,2021-04-08,micro,Hamkorbank,active
530,OOO Merchant-530,Brand530,4,6,2025-06-16,micro,Kapitalbank,active
531,OOO Merchant-531,Brand531,12,5,2023-03-11,medium,Ipoteka,closed
532,OOO Merchant-532,Brand532,12,1,2021-11-11,micro,Agrobank,active
533,OOO Merchant-533,Brand533,5,5,2021-08-06,small,Ipoteka,active
534,OOO Merchant-534,Brand534,11,11,2023-03-29,micro,Ipoteka,active
535,OOO Merchant-535,Brand535,1,6,2020-01-11,medium,Agrobank,active
536,OOO Merchant-536,Brand536,2,3,2021-06-24,small,Hamkorbank,active
537,OOO Merchant-537,Brand537,8,2,2020-12-13,medium,Hamkorbank,active
538,OOO Merchant-538,Brand538,2,1,2023-07-26,micro,NBU,active
539,OOO Merchant-539,Brand539,2,1,2023-11-06,micro,NBU,active
540,OOO Merchant-540,Brand540,15,1,2022-09-07,small,Hamkorbank,active
541,OOO Merchant-541,Brand541,18,14,2020-10-21,micro,NBU,active
542,OOO Merchant-542,Brand542,8,1,2022-02-17,micro,Ipoteka,active
543,OOO Merchant-543,Brand543,15,9,2024-11-05,micro,Aloqabank,active
544,OOO Merchant-544,Brand544,18,1,2021-03-03,medium,Ipoteka,active
545,OOO Merchant-545,Brand545,2,1,2020-12-09,small,NBU,active
546,OOO Merchant-546,Brand546,6,3,2020-08-22,small,NBU,active
547,OOO Merchant-547,Brand547,5,2,2024-09-11,small,Kapitalbank,active
548,OOO Merchant-548,Brand548,1,9,2020-09-08,micro,Hamkorbank,active
549,OOO Merchant-549,Brand549,13,12,2023-05-06,micro,Aloqabank,active
550,OOO Merchant-550,Brand550,6,10,2025-09-28,micro,NBU,active
551,OOO Merchant-551,Brand551,7,1,2023-09-09,small,NBU,active
552,OOO Merchant-552,Brand552,2,8,2022-05-15,micro,Kapitalbank,active
553,OOO Merchant-553,Brand553,2,1,2021-03-10,medium,Ipoteka,active
554,OOO Merchant-554,Brand554,17,11,2020-01-05,small,Kapitalbank,active
555,OOO Merchant-555,Brand555,1,4,2020-11-22,micro,Agrobank,active
556,OOO Merchant-556,Brand556,3,2,2025-06-24,small,Kapitalbank,active
557,OOO Merchant-557,Brand557,4,1,2020-10-28,micro,Kapitalbank,active
558,OOO Merchant-558,Brand558,7,1,2020-02-11,large,Agrobank,active
559,OOO Merchant-559,Brand559,9,1,2024-09-09,medium,NBU,active
560,OOO Merchant-560,Brand560,7,11,2022-05-29,medium,Agrobank,active
561,OOO Merchant-561,Brand561,1,9,2022-01-19,micro,Kapitalbank,active
562,OOO Merchant-562,Brand562,3,13,2024-02-15,micro,Kapitalbank,active
563,OOO Merchant-563,Brand563,15,1,2023-01-03,micro,Agrobank,active
564,OOO Merchant-564,Brand564,11,5,2025-04-04,micro,Kapitalbank,active
565,OOO Merchant-565,Brand565,11,1,2022-09-08,micro,Kapitalbank,active
566,OOO Merchant-566,Brand566,11,4,2024-02-06,micro,Ipoteka,active
567,OOO Merchant-567,Brand567,13,2,2025-01-19,large,Hamkorbank,active
568,OOO Merchant-568,Brand568,1,1,2022-08-31,micro,Kapitalbank,active
569,OOO Merchant-569,Brand569,4,5,2021-08-19,micro,NBU,active
570,OOO Merchant-570,Brand570,8,1,2025-08-08,small,Hamkorbank,active
571,OOO Merchant-571,Brand571,4,3,2021-04-21,small,Hamkorbank,active
572,OOO Merchant-572,Brand572,15,6,2020-03-23,small,Kapitalbank,active
573,OOO Merchant-573,Brand573,7,1,2023-04-29,small,NBU,active
574,OOO Merchant-574,Brand574,13,12,2025-09-03,medium,Kapitalbank,closed
575,OOO Merchant-575,Brand575,15,4,2020-06-30,small,NBU,suspended
576,OOO Merchant-576,Brand576,8,9,2024-11-18,micro,NBU,active
577,OOO Merchant-577,Brand577,17,6,2024-10-09,small,Kapitalbank,active
578,OOO Merchant-578,Brand578,9,7,2025-05-04,micro,NBU,active
579,OOO Merchant-579,Brand579,15,7,2022-06-04,micro,Ipoteka,active
580,OOO Merchant-580,Brand580,4,10,2021-06-19,micro,Hamkorbank,active
581,OOO Merchant-581,Brand581,7,5,2022-12-11,micro,Ipoteka,active
582,OOO Merchant-582,Brand582,8,1,2020-10-26,small,Agrobank,active
583,OOO Merchant-583,Brand583,1,1,2024-11-04,micro,Agrobank,active
584,OOO Merchant-584,Brand584,5,5,2023-10-24,micro,Hamkorbank,active
585,OOO Merchant-585,Brand585,17,1,2022-10-11,micro,Agrobank,active
586,OOO Merchant-586,Brand586,11,1,2022-12-19,small,Aloqabank,active
587,OOO Merchant-587,Brand587,2,1,2024-02-04,micro,Ipoteka,active
588,OOO Merchant-588,Brand588,4,4,2023-01-03,small,Hamkorbank,active
589,OOO Merchant-589,Brand589,2,1,2024-10-29,medium,NBU,suspended
590,OOO Merchant-590,Brand590,1,5,2025-04-25,micro,Hamkorbank,active
591,OOO Merchant-591,Brand591,17,8,2025-06-17,small,Kapitalbank,active
592,OOO Merchant-592,Brand592,6,9,2023-07-26,micro,NBU,active
593,OOO Merchant-593,Brand593,4,2,2024-04-08,micro,Ipoteka,suspended
594,OOO Merchant-594,Brand594,10,4,2021-10-15,small,Agrobank,active
595,OOO Merchant-595,Brand595,1,5,2020-03-21,medium,Ipoteka,active
596,OOO Merchant-596,Brand596,3,3,2022-04-20,micro,NBU,active
597,OOO Merchant-597,Brand597,12,6,2025-01-04,small,NBU,active
598,OOO Merchant-598,Brand598,11,1,2020-10-07,micro,Kapitalbank,active
599,OOO Merchant-599,Brand599,18,13,2023-02-19,small,Aloqabank,active
600,OOO Merchant-600,Brand600,11,1,2021-02-07,small,Aloqabank,active
601,OOO Merchant-601,Brand601,7,10,2022-06-20,small,Kapitalbank,active
602,OOO Merchant-602,Brand602,13,5,2020-10-28,small,NBU,active
603,OOO Merchant-603,Brand603,16,1,2024-03-22,micro,NBU,active
604,OOO Merchant-604,Brand604,12,7,2024-08-28,small,Kapitalbank,active
605,OOO Merchant-605,Brand605,18,1,2024-05-11,small,Aloqabank,active
606,OOO Merchant-606,Brand606,14,8,2024-01-20,small,Hamkorbank,active
607,OOO Merchant-607,Brand607,15,5,2021-05-08,micro,Kapitalbank,active
608,OOO Merchant-608,Brand608,2,1,2023-01-18,micro,Hamkorbank,active
609,OOO Merchant-609,Brand609,13,1,2020-08-08,micro,Kapitalbank,active
610,OOO Merchant-610,Brand610,6,7,2022-02-25,micro,Kapitalbank,active
611,OOO Merchant-611,Brand611,8,1,2022-11-28,micro,Kapitalbank,active
612,OOO Merchant-612,Brand612,11,11,2023-11-04,micro,Hamkorbank,active
613,OOO Merchant-613,Brand613,18,7,2020-07-22,small,Kapitalbank,active
614,OOO Merchant-614,Brand614,18,6,2024-09-03,micro,Agrobank,active
615,OOO Merchant-615,Brand615,4,1,2022-08-21,small,Kapitalbank,active
616,OOO Merchant-616,Brand616,13,7,2025-01-24,micro,NBU,active
617,OOO Merchant-617,Brand617,13,12,2023-01-12,small,Ipoteka,active
618,OOO Merchant-618,Brand618,4,1,2023-02-22,micro,Kapitalbank,active
619,OOO Merchant-619,Brand619,2,2,2023-12-25,micro,Kapitalbank,active
620,OOO Merchant-620,Brand620,1,1,2024-09-17,small,Kapitalbank,active
621,OOO Merchant-621,Brand621,14,2,2020-11-27,medium,Hamkorbank,suspended
622,OOO Merchant-622,Brand622,7,7,2022-12-09,micro,Ipoteka,active
623,OOO Merchant-623,Brand623,18,3,2020-03-03,micro,Hamkorbank,active
624,OOO Merchant-624,Brand624,7,5,2022-09-23,small,Hamkorbank,active
625,OOO Merchant-625,Brand625,18,2,2024-09-04,small,Kapitalbank,active
626,OOO Merchant-626,Brand626,5,1,2024-12-22,micro,Kapitalbank,active
627,OOO Merchant-627,Brand627,14,1,2021-08-18,micro,NBU,active
628,OOO Merchant-628,Brand628,1,10,2022-03-22,micro,Kapitalbank,active
629,OOO Merchant-629,Brand629,8,5,2023-03-04,medium,Aloqabank,active
630,OOO Merchant-630,Brand630,14,2,2022-04-11,micro,Agrobank,active
631,OOO Merchant-631,Brand631,17,8,2021-01-08,micro,Hamkorbank,active
632,OOO Merchant-632,Brand632,14,1,2021-10-02,medium,Ipoteka,active
633,OOO Merchant-633,Brand633,1,1,2022-04-28,micro,Hamkorbank,active
634,OOO Merchant-634,Brand634,5,1,2022-12-25,micro,Hamkorbank,active
635,OOO Merchant-635,Brand635,1,14,2025-04-17,micro,Ipoteka,closed
636,OOO Merchant-636,Brand636,2,7,2023-02-18,micro,Aloqabank,active
637,OOO Merchant-637,Brand637,11,5,2022-03-23,micro,NBU,active
638,OOO Merchant-638,Brand638,12,1,2023-10-18,micro,NBU,active
639,OOO Merchant-639,Brand639,14,1,2024-06-11,small,NBU,active
640,OOO Merchant-640,Brand640,15,6,2022-06-23,small,NBU,active
641,OOO Merchant-641,Brand641,13,2,2022-10-24,micro,Aloqabank,active
642,OOO Merchant-642,Brand642,14,11,2021-04-02,small,Kapitalbank,active
643,OOO Merchant-643,Brand643,1,8,2024-12-21,micro,Ipoteka,active
644,OOO Merchant-644,Brand644,3,3,2024-12-25,medium,Kapitalbank,closed
645,OOO Merchant-645,Brand645,11,7,2021-01-02,micro,Kapitalbank,active
646,OOO Merchant-646,Brand646,15,13,2021-12-27,small,Ipoteka,active
647,OOO Merchant-647,Brand647,1,3,2021-07-25,micro,NBU,active
648,OOO Merchant-648,Brand648,8,6,2025-04-22,small,Hamkorbank,active
649,OOO Merchant-649,Brand649,11,11,2020-05-16,micro,NBU,active
650,OOO Merchant-650,Brand650,1,1,2021-03-11,small,Aloqabank,active
651,OOO Merchant-651,Brand651,5,11,2021-10-23,micro,NBU,active
652,OOO Merchant-652,Brand652,16,1,2023-03-22,medium,Hamkorbank,active
653,OOO Merchant-653,Brand653,11,6,2021-06-06,micro,Aloqabank,active
654,OOO Merchant-654,Brand654,3,8,2023-01-31,small,NBU,active
655,OOO Merchant-655,Brand655,15,5,2024-04-18,small,NBU,active
656,OOO Merchant-656,Brand656,4,3,2024-10-06,large,Agrobank,active
657,OOO Merchant-657,Brand657,15,5,2020-07-27,micro,Kapitalbank,active
658,OOO Merchant-658,Brand658,4,1,2020-10-18,micro,Hamkorbank,active
659,OOO Merchant-659,Brand659,9,1,2020-07-18,micro,NBU,active
660,OOO Merchant-660,Brand660,5,1,2025-03-25,micro,Ipoteka,active
661,OOO Merchant-661,Brand661,3,5,2023-10-01,small,Kapitalbank,active
662,OOO Merchant-662,Brand662,16,3,2023-01-20,large,Agrobank,active
663,OOO Merchant-663,Brand663,2,1,2024-07-18,large,Ipoteka,active
664,OOO Merchant-664,Brand664,1,11,2023-05-15,micro,Aloqabank,active
665,OOO Merchant-665,Brand665,4,2,2021-05-09,small,Hamkorbank,active
666,OOO Merchant-666,Brand666,12,3,2022-12-07,medium,NBU,active
667,OOO Merchant-667,Brand667,14,2,2024-01-16,medium,Ipoteka,active
668,OOO Merchant-668,Brand668,18,1,2020-03-16,micro,Ipoteka,active
669,OOO Merchant-669,Brand669,4,7,2023-06-27,micro,Kapitalbank,active
670,OOO Merchant-670,Brand670,5,3,2022-11-09,small,Hamkorbank,active
671,OOO Merchant-671,Brand671,2,1,2020-05-25,micro,Kapitalbank,active
672,OOO Merchant-672,Brand672,9,13,2021-07-07,micro,Ipoteka,active
673,OOO Merchant-673,Brand673,18,9,2022-07-30,large,Hamkorbank,active
674,OOO Merchant-674,Brand674,12,7,2021-12-20,large,Hamkorbank,active
675,OOO Merchant-675,Brand675,10,10,2021-09-01,medium,Kapitalbank,active
676,OOO Merchant-676,Brand676,5,11,2023-09-25,small,Kapitalbank,active
677,OOO Merchant-677,Brand677,17,2,2022-04-29,micro,Ipoteka,active
678,OOO Merchant-678,Brand678,7,5,2022-11-11,micro,Hamkorbank,active
679,OOO Merchant-679,Brand679,2,5,2024-08-03,micro,Kapitalbank,active
680,OOO Merchant-680,Brand680,4,1,2020-07-14,small,Ipoteka,active
681,OOO Merchant-681,Brand681,1,1,2022-01-25,micro,NBU,active
682,OOO Merchant-682,Brand682,2,1,2020-06-02,small,Hamkorbank,active
683,OOO Merchant-683,Brand683,1,6,2025-05-01,micro,Hamkorbank,active
684,OOO Merchant-684,Brand684,6,8,2021-01-24,small,Ipoteka,active
685,OOO Merchant-685,Brand685,11,7,2024-09-17,micro,Aloqabank,active
686,OOO Merchant-686,Brand686,4,2,2021-02-04,micro,Aloqabank,active
687,OOO Merchant-687,Brand687,5,1,2021-11-11,micro,NBU,active
688,OOO Merchant-688,Brand688,18,3,2023-07-01,micro,Hamkorbank,active
689,OOO Merchant-689,Brand689,13,4,2024-10-11,medium,Kapitalbank,active
690,OOO Merchant-690,Brand690,8,11,2021-01-08,micro,Agrobank,active
691,OOO Merchant-691,Brand691,3,10,2021-03-23,micro,Ipoteka,active
692,OOO Merchant-692,Brand692,16,11,2025-01-25,small,Ipoteka,active
693,OOO Merchant-693,Brand693,3,10,2021-11-07,small,Kapitalbank,active
694,OOO Merchant-694,Brand694,4,13,2021-03-16,micro,Ipoteka,active
695,OOO Merchant-695,Brand695,17,3,2024-04-10,micro,Hamkorbank,suspended
696,OOO Merchant-696,Brand696,8,1,2020-07-10,micro,Kapitalbank,active
697,OOO Merchant-697,Brand697,13,1,2024-12-25,small,Ipoteka,active
698,OOO Merchant-698,Brand698,9,2,2025-01-13,micro,Kapitalbank,active
699,OOO Merchant-699,Brand699,11,1,2024-12-03,micro,Agrobank,active
700,OOO Merchant-700,Brand700,4,1,2021-09-12,micro,Aloqabank,active
701,OOO Merchant-701,Brand701,3,12,2020-08-27,small,Kapitalbank,active
702,OOO Merchant-702,Brand702,4,1,2022-06-12,micro,Ipoteka,active
703,OOO Merchant-703,Brand703,2,13,2021-12-03,small,NBU,active
704,OOO Merchant-704,Brand704,15,7,2025-07-06,micro,Aloqabank,active
705,OOO Merchant-705,Brand705,3,6,2023-08-19,small,Hamkorbank,active
706,OOO Merchant-706,Brand706,8,6,2025-06-06,micro,Kapitalbank,suspended
707,OOO Merchant-707,Brand707,14,2,2024-04-25,micro,Aloqabank,suspended
708,OOO Merchant-708,Brand708,14,6,2024-02-10,micro,NBU,active
709,OOO Merchant-709,Brand709,6,1,2020-08-22,small,Hamkorbank,active
710,OOO Merchant-710,Brand710,7,12,2020-05-24,medium,NBU,active
711,OOO Merchant-711,Brand711,18,1,2020-04-07,micro,NBU,active
712,OOO Merchant-712,Brand712,11,1,2023-05-31,micro,Kapitalbank,active
713,OOO Merchant-713,Brand713,14,7,2021-02-27,medium,Kapitalbank,active
714,OOO Merchant-714,Brand714,16,6,2025-09-08,micro,Agrobank,suspended
715,OOO Merchant-715,Brand715,14,3,2020-10-05,micro,Ipoteka,active
716,OOO Merchant-716,Brand716,2,6,2025-06-11,micro,Aloqabank,active
717,OOO Merchant-717,Brand717,8,1,2023-11-03,small,Hamkorbank,active
718,OOO Merchant-718,Brand718,1,6,2020-08-10,small,Hamkorbank,active
719,OOO Merchant-719,Brand719,11,1,2020-05-02,small,Agrobank,active
720,OOO Merchant-720,Brand720,18,1,2022-04-11,medium,Kapitalbank,active
721,OOO Merchant-721,Brand721,8,1,2021-12-12,micro,Kapitalbank,active
722,OOO Merchant-722,Brand722,6,2,2021-10-24,micro,NBU,active
723,OOO Merchant-723,Brand723,1,2,2023-01-14,micro,Ipoteka,active
724,OOO Merchant-724,Brand724,18,3,2020-09-29,micro,Aloqabank,active
725,OOO Merchant-725,Brand725,1,1,2020-09-28,micro,Kapitalbank,active
726,OOO Merchant-726,Brand726,1,1,2023-12-30,micro,Ipoteka,active
727,OOO Merchant-727,Brand727,3,4,2025-09-10,micro,NBU,active
728,OOO Merchant-728,Brand728,1,1,2021-07-29,small,Kapitalbank,active
729,OOO Merchant-729,Brand729,7,6,2025-05-11,micro,Hamkorbank,active
730,OOO Merchant-730,Brand730,8,12,2021-12-25,micro,Ipoteka,active
731,OOO Merchant-731,Brand731,4,3,2021-12-06,small,Aloqabank,active
732,OOO Merchant-732,Brand732,1,11,2020-07-08,small,Hamkorbank,active
733,OOO Merchant-733,Brand733,2,1,2022-06-07,small,Aloqabank,active
734,OOO Merchant-734,Brand734,5,1,2022-11-11,small,Ipoteka,active
735,OOO Merchant-735,Brand735,1,7,2023-10-25,small,Hamkorbank,active
736,OOO Merchant-736,Brand736,12,7,2020-11-28,micro,NBU,active
737,OOO Merchant-737,Brand737,2,10,2021-01-31,micro,Ipoteka,suspended
738,OOO Merchant-738,Brand738,4,1,2022-06-26,small,Hamkorbank,active
739,OOO Merchant-739,Brand739,5,8,2020-05-26,micro,Hamkorbank,active
740,OOO Merchant-740,Brand740,5,2,2020-10-28,micro,NBU,active
741,OOO Merchant-741,Brand741,1,1,2023-08-14,micro,Aloqabank,active
742,OOO Merchant-742,Brand742,2,1,2025-06-26,micro,NBU,active
743,OOO Merchant-743,Brand743,15,14,2023-04-18,micro,Hamkorbank,active
744,OOO Merchant-744,Brand744,1,1,2020-10-31,micro,Agrobank,active
745,OOO Merchant-745,Brand745,8,10,2025-09-12,small,Kapitalbank,active
746,OOO Merchant-746,Brand746,7,6,2022-12-31,medium,Aloqabank,active
747,OOO Merchant-747,Brand747,4,7,2024-02-14,micro,Hamkorbank,active
748,OOO Merchant-748,Brand748,6,7,2021-02-17,medium,Aloqabank,active
749,OOO Merchant-749,Brand749,14,10,2023-04-29,micro,Hamkorbank,active
750,OOO Merchant-750,Brand750,15,1,2020-06-09,medium,Hamkorbank,active
751,OOO Merchant-751,Brand751,3,1,2023-08-07,medium,Ipoteka,active
752,OOO Merchant-752,Brand752,4,5,2021-02-28,micro,Hamkorbank,active
753,OOO Merchant-753,Brand753,3,2,2025-03-24,small,Ipoteka,active
754,OOO Merchant-754,Brand754,7,1,2020-04-25,large,Agrobank,active
755,OOO Merchant-755,Brand755,12,1,2023-10-02,medium,Ipoteka,active
756,OOO Merchant-756,Brand756,3,2,2020-10-19,large,Ipoteka,active
757,OOO Merchant-757,Brand757,4,1,2023-12-13,small,Aloqabank,active
758,OOO Merchant-758,Brand758,17,1,2022-11-02,micro,Ipoteka,active
759,OOO Merchant-759,Brand759,1,11,2025-07-24,small,Ipoteka,active
760,OOO Merchant-760,Brand760,7,2,2023-09-30,small,Hamkorbank,active
761,OOO Merchant-761,Brand761,12,14,2022-02-20,small,NBU,active
762,OOO Merchant-762,Brand762,2,13,2020-07-02,micro,NBU,active
763,OOO Merchant-763,Brand763,1,1,2023-06-05,small,Kapitalbank,active
764,OOO Merchant-764,Brand764,2,7,2022-07-15,micro,Ipoteka,active
765,OOO Merchant-765,Brand765,17,5,2020-04-20,small,Ipoteka,active
766,OOO Merchant-766,Brand766,1,6,2023-05-05,micro,NBU,active
767,OOO Merchant-767,Brand767,2,1,2021-03-16,small,Ipoteka,active
768,OOO Merchant-768,Brand768,1,1,2021-05-06,small,Ipoteka,active
769,OOO Merchant-769,Brand769,2,1,2020-01-19,micro,NBU,active
770,OOO Merchant-770,Brand770,11,5,2022-02-20,micro,Hamkorbank,active
771,OOO Merchant-771,Brand771,3,14,2021-04-03,micro,Hamkorbank,closed
772,OOO Merchant-772,Brand772,8,6,2020-05-30,medium,NBU,active
773,OOO Merchant-773,Brand773,9,7,2022-07-01,small,Ipoteka,active
774,OOO Merchant-774,Brand774,15,14,2021-04-07,micro,Aloqabank,active
775,OOO Merchant-775,Brand775,1,6,2020-10-08,micro,Hamkorbank,active
776,OOO Merchant-776,Brand776,15,1,2022-09-07,micro,Kapitalbank,closed
777,OOO Merchant-777,Brand777,11,10,2020-05-12,micro,Kapitalbank,active
778,OOO Merchant-778,Brand778,2,2,2025-09-10,medium,NBU,active
779,OOO Merchant-779,Brand779,13,1,2022-09-16,small,Aloqabank,active
780,OOO Merchant-780,Brand780,15,4,2025-09-23,micro,Agrobank,active
781,OOO Merchant-781,Brand781,3,12,2025-01-24,medium,Agrobank,active
782,OOO Merchant-782,Brand782,17,1,2025-08-19,micro,Ipoteka,active
783,OOO Merchant-783,Brand783,7,3,2023-02-13,medium,Ipoteka,active
784,OOO Merchant-784,Brand784,10,1,2022-06-07,micro,NBU,active
785,OOO Merchant-785,Brand785,18,1,2024-02-20,small,Ipoteka,active
786,OOO Merchant-786,Brand786,4,1,2020-06-18,medium,Ipoteka,active
787,OOO Merchant-787,Brand787,14,7,2024-10-30,micro,Hamkorbank,active
788,OOO Merchant-788,Brand788,4,10,2021-11-10,small,NBU,active
789,OOO Merchant-789,Brand789,14,1,2020-01-16,large,Agrobank,active
790,OOO Merchant-790,Brand790,10,1,2021-05-14,micro,NBU,active
791,OOO Merchant-791,Brand791,3,1,2021-05-23,micro,NBU,active
792,OOO Merchant-792,Brand792,5,1,2020-01-30,small,Aloqabank,active
793,OOO Merchant-793,Brand793,4,4,2023-11-05,micro,Hamkorbank,active
794,OOO Merchant-794,Brand794,1,6,2020-07-18,micro,Ipoteka,active
795,OOO Merchant-795,Brand795,1,6,2024-11-13,micro,Hamkorbank,active
796,OOO Merchant-796,Brand796,4,2,2022-08-09,small,Ipoteka,active
797,OOO Merchant-797,Brand797,1,4,2024-02-17,micro,NBU,active
798,OOO Merchant-798,Brand798,2,1,2021-12-14,micro,Kapitalbank,active
799,OOO Merchant-799,Brand799,12,1,2020-10-04,small,Ipoteka,active
800,OOO Merchant-800,Brand800,12,12,2021-01-13,micro,Hamkorbank,closed
801,OOO Merchant-801,Brand801,13,7,2023-09-18,small,NBU,active
802,OOO Merchant-802,Brand802,4,11,2024-02-12,micro,Hamkorbank,active
803,OOO Merchant-803,Brand803,16,11,2021-07-15,medium,Aloqabank,active
804,OOO Merchant-804,Brand804,10,6,2022-01-19,small,NBU,active
805,OOO Merchant-805,Brand805,2,12,2025-06-07,micro,NBU,active
806,OOO Merchant-806,Brand806,2,3,2024-11-23,medium,Kapitalbank,active
807,OOO Merchant-807,Brand807,12,1,2022-05-17,micro,Aloqabank,active
808,OOO Merchant-808,Brand808,2,1,2021-05-21,micro,Hamkorbank,active
809,OOO Merchant-809,Brand809,8,1,2021-09-24,micro,Hamkorbank,active
810,OOO Merchant-810,Brand810,18,1,2023-02-04,small,Kapitalbank,active
811,OOO Merchant-811,Brand811,1,2,2023-04-05,micro,Ipoteka,active
812,OOO Merchant-812,Brand812,1,7,2021-01-21,micro,Kapitalbank,active
813,OOO Merchant-813,Brand813,18,8,2020-05-18,micro,NBU,active
814,OOO Merchant-814,Brand814,9,5,2022-11-06,micro,Hamkorbank,active
815,OOO Merchant-815,Brand815,2,1,2024-08-01,micro,NBU,active
816,OOO Merchant-816,Brand816,16,7,2020-11-16,micro,Ipoteka,active
817,OOO Merchant-817,Brand817,15,2,2022-05-07,micro,Kapitalbank,active
818,OOO Merchant-818,Brand818,8,1,2020-12-05,micro,Kapitalbank,active
819,OOO Merchant-819,Brand819,11,1,2021-05-23,small,Hamkorbank,active
820,OOO Merchant-820,Brand820,3,2,2023-07-09,micro,Kapitalbank,active
821,OOO Merchant-821,Brand821,1,1,2021-08-24,small,Agrobank,active
822,OOO Merchant-822,Brand822,10,9,2021-07-07,micro,Aloqabank,active
823,OOO Merchant-823,Brand823,4,7,2025-09-21,micro,Aloqabank,active
824,OOO Merchant-824,Brand824,11,6,2020-12-27,micro,Hamkorbank,active
825,OOO Merchant-825,Brand825,15,1,2021-02-01,micro,Hamkorbank,active
826,OOO Merchant-826,Brand826,1,9,2025-05-06,micro,Hamkorbank,active
827,OOO Merchant-827,Brand827,10,6,2023-03-01,small,Kapitalbank,active
828,OOO Merchant-828,Brand828,3,1,2020-03-31,micro,Ipoteka,active
829,OOO Merchant-829,Brand829,15,6,2022-06-11,micro,Hamkorbank,active
830,OOO Merchant-830,Brand830,3,3,2023-04-01,small,NBU,active
831,OOO Merchant-831,Brand831,11,3,2021-06-15,micro,NBU,active
832,OOO Merchant-832,Brand832,8,1,2023-02-25,micro,Aloqabank,active
833,OOO Merchant-833,Brand833,5,4,2023-09-23,micro,NBU,active
834,OOO Merchant-834,Brand834,12,1,2021-06-10,micro,Kapitalbank,active
835,OOO Merchant-835,Brand835,13,1,2024-09-02,micro,Hamkorbank,active
836,OOO Merchant-836,Brand836,8,1,2022-08-08,small,NBU,active
837,OOO Merchant-837,Brand837,13,12,2025-07-16,medium,Agrobank,active
838,OOO Merchant-838,Brand838,18,1,2020-07-03,micro,NBU,active
839,OOO Merchant-839,Brand839,5,2,2021-11-11,small,Agrobank,active
840,OOO Merchant-840,Brand840,8,2,2024-02-23,small,Aloqabank,active
841,OOO Merchant-841,Brand841,1,11,2025-02-22,micro,Ipoteka,active
842,OOO Merchant-842,Brand842,14,5,2021-04-10,small,NBU,active
843,OOO Merchant-843,Brand843,8,11,2025-08-20,small,Ipoteka,active
844,OOO Merchant-844,Brand844,5,1,2021-02-10,medium,Kapitalbank,active
845,OOO Merchant-845,Brand845,1,1,2022-05-23,large,Ipoteka,active
846,OOO Merchant-846,Brand846,16,4,2021-10-23,micro,Agrobank,active
847,OOO Merchant-847,Brand847,5,2,2022-06-10,micro,Ipoteka,active
848,OOO Merchant-848,Brand848,12,9,2025-03-09,micro,Aloqabank,suspended
849,OOO Merchant-849,Brand849,2,10,2024-03-18,micro,NBU,active
850,OOO Merchant-850,Brand850,18,3,2024-07-30,micro,Agrobank,active
851,OOO Merchant-851,Brand851,2,13,2021-06-17,large,Ipoteka,active
852,OOO Merchant-852,Brand852,2,4,2025-06-11,micro,Kapitalbank,active
853,OOO Merchant-853,Brand853,15,1,2022-07-03,micro,Kapitalbank,active
854,OOO Merchant-854,Brand854,17,3,2023-10-01,small,NBU,active
855,OOO Merchant-855,Brand855,2,1,2024-01-05,micro,Aloqabank,active
856,OOO Merchant-856,Brand856,7,9,2023-10-24,micro,Ipoteka,active
857,OOO Merchant-857,Brand857,13,1,2023-06-17,large,Kapitalbank,active
858,OOO Merchant-858,Brand858,15,1,2022-10-05,micro,Kapitalbank,active
859,OOO Merchant-859,Brand859,5,5,2023-09-22,micro,Hamkorbank,active
860,OOO Merchant-860,Brand860,8,1,2025-03-15,micro,NBU,active
861,OOO Merchant-861,Brand861,13,1,2022-03-29,medium,NBU,active
862,OOO Merchant-862,Brand862,13,6,2022-12-08,micro,NBU,active
863,OOO Merchant-863,Brand863,14,1,2021-01-13,micro,Ipoteka,active
864,OOO Merchant-864,Brand864,8,3,2022-01-15,micro,NBU,active
865,OOO Merchant-865,Brand865,1,2,2024-06-09,micro,Agrobank,active
866,OOO Merchant-866,Brand866,16,1,2023-09-06,medium,Kapitalbank,active
867,OOO Merchant-867,Brand867,15,1,2021-03-19,micro,Hamkorbank,active
868,OOO Merchant-868,Brand868,14,8,2023-02-20,large,Ipoteka,active
869,OOO Merchant-869,Brand869,1,12,2024-09-01,micro,Ipoteka,active
870,OOO Merchant-870,Brand870,2,1,2020-09-17,micro,Kapitalbank,active
871,OOO Merchant-871,Brand871,13,13,2020-05-10,medium,Ipoteka,active
872,OOO Merchant-872,Brand872,1,5,2022-04-04,micro,Ipoteka,active
873,OOO Merchant-873,Brand873,18,6,2023-10-10,micro,Kapitalbank,active
874,OOO Merchant-874,Brand874,5,7,2021-10-19,medium,Kapitalbank,active
875,OOO Merchant-875,Brand875,12,7,2024-09-20,micro,Agrobank,active
876,OOO Merchant-876,Brand876,16,9,2024-11-13,micro,Ipoteka,active
877,OOO Merchant-877,Brand877,5,3,2023-01-23,large,Kapitalbank,active
878,OOO Merchant-878,Brand878,4,4,2022-03-06,micro,NBU,active
879,OOO Merchant-879,Brand879,11,2,2020-03-28,micro,Ipoteka,active
880,OOO Merchant-880,Brand880,9,1,2024-09-21,micro,Hamkorbank,active
881,OOO Merchant-881,Brand881,5,6,2025-02-23,micro,NBU,active
882,OOO Merchant-882,Brand882,10,1,2022-07-18,micro,Hamkorbank,active
883,OOO Merchant-883,Brand883,17,1,2022-12-20,small,Kapitalbank,active
884,OOO Merchant-884,Brand884,7,1,2024-05-01,micro,NBU,active
885,OOO Merchant-885,Brand885,2,1,2023-12-31,small,Agrobank,active
886,OOO Merchant-886,Brand886,5,6,2020-10-11,micro,Kapitalbank,active
887,OOO Merchant-887,Brand887,5,5,2023-11-12,micro,Aloqabank,active
888,OOO Merchant-888,Brand888,2,3,2025-04-25,micro,Kapitalbank,suspended
889,OOO Merchant-889,Brand889,2,1,2024-04-25,small,Agrobank,active
890,OOO Merchant-890,Brand890,12,3,2022-10-06,micro,Ipoteka,active
891,OOO Merchant-891,Brand891,4,2,2023-01-03,micro,Kapitalbank,active
892,OOO Merchant-892,Brand892,18,7,2021-06-29,medium,Aloqabank,active
893,OOO Merchant-893,Brand893,3,5,2023-10-19,small,Ipoteka,active
894,OOO Merchant-894,Brand894,1,3,2021-05-22,micro,Ipoteka,closed
895,OOO Merchant-895,Brand895,13,3,2021-12-18,medium,Agrobank,active
896,OOO Merchant-896,Brand896,16,13,2021-07-10,micro,Kapitalbank,active
897,OOO Merchant-897,Brand897,3,7,2021-12-05,micro,Hamkorbank,active
898,OOO Merchant-898,Brand898,2,3,2022-02-09,micro,Hamkorbank,active
899,OOO Merchant-899,Brand899,2,3,2020-06-23,micro,Aloqabank,active
900,OOO Merchant-900,Brand900,8,1,2024-02-15,micro,Aloqabank,suspended
901,OOO Merchant-901,Brand901,7,12,2022-07-15,small,Kapitalbank,active
902,OOO Merchant-902,Brand902,3,2,2025-06-17,micro,Ipoteka,active
903,OOO Merchant-903,Brand903,1,1,2021-01-14,small,NBU,active
904,OOO Merchant-904,Brand904,7,14,2023-11-05,medium,Hamkorbank,active
905,OOO Merchant-905,Brand905,18,7,2021-01-11,small,Aloqabank,active
906,OOO Merchant-906,Brand906,11,1,2023-02-23,small,Kapitalbank,active
907,OOO Merchant-907,Brand907,7,1,2022-10-27,small,NBU,active
908,OOO Merchant-908,Brand908,2,1,2022-07-31,large,Ipoteka,active
909,OOO Merchant-909,Brand909,3,5,2023-10-06,micro,Kapitalbank,active
910,OOO Merchant-910,Brand910,4,1,2024-10-05,micro,Aloqabank,active
911,OOO Merchant-911,Brand911,13,12,2021-10-27,micro,NBU,active
912,OOO Merchant-912,Brand912,15,12,2024-11-19,micro,Hamkorbank,active
913,OOO Merchant-913,Brand913,16,4,2021-01-23,micro,Aloqabank,suspended
914,OOO Merchant-914,Brand914,18,5,2021-09-07,small,Agrobank,active
915,OOO Merchant-915,Brand915,18,1,2021-10-14,micro,NBU,active
916,OOO Merchant-916,Brand916,18,1,2025-06-25,medium,Agrobank,active
917,OOO Merchant-917,Brand917,1,7,2020-09-06,micro,Hamkorbank,active
918,OOO Merchant-918,Brand918,2,1,2022-04-09,micro,Aloqabank,active
919,OOO Merchant-919,Brand919,4,1,2022-06-10,micro,NBU,active
920,OOO Merchant-920,Brand920,8,2,2024-08-07,micro,Kapitalbank,active
921,OOO Merchant-921,Brand921,1,1,2022-10-17,micro,Hamkorbank,active
922,OOO Merchant-922,Brand922,15,3,2025-07-23,micro,Ipoteka,active
923,OOO Merchant-923,Brand923,11,7,2024-04-03,micro,Kapitalbank,active
924,OOO Merchant-924,Brand924,8,9,2024-01-17,micro,Kapitalbank,active
925,OOO Merchant-925,Brand925,2,5,2024-04-30,micro,Kapitalbank,active
926,OOO Merchant-926,Brand926,3,10,2020-12-05,micro,NBU,active
927,OOO Merchant-927,Brand927,2,2,2022-08-01,micro,Kapitalbank,active
928,OOO Merchant-928,Brand928,15,10,2023-05-15,micro,NBU,active
929,OOO Merchant-929,Brand929,9,4,2021-03-13,micro,Agrobank,active
930,OOO Merchant-930,Brand930,13,1,2020-09-06,micro,Agrobank,active
931,OOO Merchant-931,Brand931,4,12,2020-10-12,micro,Ipoteka,active
932,OOO Merchant-932,Brand932,5,1,2024-07-15,small,NBU,suspended
933,OOO Merchant-933,Brand933,5,1,2023-10-11,large,NBU,active
934,OOO Merchant-934,Brand934,13,1,2021-08-13,medium,Kapitalbank,active
935,OOO Merchant-935,Brand935,13,2,2024-03-28,micro,Aloqabank,active
936,OOO Merchant-936,Brand936,2,2,2023-12-30,micro,Kapitalbank,active
937,OOO Merchant-937,Brand937,18,4,2024-09-10,micro,NBU,active
938,OOO Merchant-938,Brand938,2,11,2025-03-26,small,NBU,active
939,OOO Merchant-939,Brand939,16,1,2025-01-26,small,Ipoteka,active
940,OOO Merchant-940,Brand940,1,4,2021-01-15,small,Aloqabank,active
941,OOO Merchant-941,Brand941,3,2,2024-06-03,medium,Hamkorbank,active
942,OOO Merchant-942,Brand942,15,9,2022-04-05,micro,Kapitalbank,active
943,OOO Merchant-943,Brand943,2,1,2022-04-26,small,Ipoteka,active
944,OOO Merchant-944,Brand944,5,1,2023-09-20,small,Agrobank,active
945,OOO Merchant-945,Brand945,6,3,2023-06-18,micro,Ipoteka,active
946,OOO Merchant-946,Brand946,3,6,2022-05-31,medium,Aloqabank,active
947,OOO Merchant-947,Brand947,12,9,2025-09-29,micro,Agrobank,suspended
948,OOO Merchant-948,Brand948,15,5,2021-01-02,large,Kapitalbank,active
949,OOO Merchant-949,Brand949,15,8,2020-07-22,small,Agrobank,active
950,OOO Merchant-950,Brand950,4,2,2020-03-02,micro,Ipoteka,active
951,OOO Merchant-951,Brand951,8,1,2024-09-05,small,Hamkorbank,active
952,OOO Merchant-952,Brand952,3,1,2022-05-03,micro,NBU,active
953,OOO Merchant-953,Brand953,3,1,2022-07-07,small,Kapitalbank,active
954,OOO Merchant-954,Brand954,2,2,2023-09-25,small,NBU,active
955,OOO Merchant-955,Brand955,17,3,2022-07-03,small,NBU,active
956,OOO Merchant-956,Brand956,16,2,2023-04-20,medium,NBU,active
957,OOO Merchant-957,Brand957,14,5,2020-05-02,micro,Ipoteka,active
958,OOO Merchant-958,Brand958,8,3,2020-11-24,micro,Hamkorbank,active
959,OOO Merchant-959,Brand959,7,6,2025-05-11,micro,Kapitalbank,active
960,OOO Merchant-960,Brand960,8,6,2022-08-04,micro,Ipoteka,active
961,OOO Merchant-961,Brand961,8,2,2020-12-17,micro,Agrobank,active
962,OOO Merchant-962,Brand962,6,2,2022-02-14,micro,Agrobank,active
963,OOO Merchant-963,Brand963,2,5,2021-12-04,micro,NBU,active
964,OOO Merchant-964,Brand964,2,5,2021-07-29,micro,Kapitalbank,active
965,OOO Merchant-965,Brand965,18,2,2021-09-08,medium,Hamkorbank,active
966,OOO Merchant-966,Brand966,7,2,2024-03-11,micro,Hamkorbank,active
967,OOO Merchant-967,Brand967,18,6,2020-08-12,medium,Ipoteka,active
968,OOO Merchant-968,Brand968,2,6,2021-10-12,micro,Hamkorbank,active
969,OOO Merchant-969,Brand969,8,1,2022-09-09,micro,NBU,active
970,OOO Merchant-970,Brand970,2,3,2023-02-08,micro,Ipoteka,active
971,OOO Merchant-971,Brand971,3,11,2025-01-23,micro,Hamkorbank,active
972,OOO Merchant-972,Brand972,1,1,2025-04-22,micro,Hamkorbank,active
973,OOO Merchant-973,Brand973,2,10,2021-09-16,micro,Aloqabank,suspended
974,OOO Merchant-974,Brand974,17,1,2023-02-06,micro,NBU,active
975,OOO Merchant-975,Brand975,4,4,2020-02-16,micro,NBU,active
976,OOO Merchant-976,Brand976,11,3,2023-07-19,small,NBU,active
977,OOO Merchant-977,Brand977,7,1,2020-11-17,micro,NBU,active
978,OOO Merchant-978,Brand978,5,11,2020-06-02,small,NBU,active
979,OOO Merchant-979,Brand979,8,3,2023-11-11,micro,Kapitalbank,active
980,OOO Merchant-980,Brand980,2,12,2021-01-09,medium,Kapitalbank,active
981,OOO Merchant-981,Brand981,18,1,2022-09-29,small,Hamkorbank,active
982,OOO Merchant-982,Brand982,14,10,2020-07-30,medium,Kapitalbank,active
983,OOO Merchant-983,Brand983,13,11,2024-04-14,small,NBU,active
984,OOO Merchant-984,Brand984,7,5,2024-05-25,micro,Hamkorbank,active
985,OOO Merchant-985,Brand985,2,1,2023-04-22,micro,NBU,active
986,OOO Merchant-986,Brand986,17,6,2024-10-21,micro,Aloqabank,active
987,OOO Merchant-987,Brand987,4,4,2022-07-06,small,NBU,active
988,OOO Merchant-988,Brand988,1,12,2021-01-26,small,Kapitalbank,active
989,OOO Merchant-989,Brand989,4,3,2020-11-13,micro,Agrobank,suspended
990,OOO Merchant-990,Brand990,14,1,2021-04-05,medium,Kapitalbank,active
991,OOO Merchant-991,Brand991,11,1,2021-02-24,micro,Hamkorbank,active
992,OOO Merchant-992,Brand992,13,6,2021-11-09,small,Hamkorbank,active
993,OOO Merchant-993,Brand993,14,13,2021-03-26,small,NBU,active
994,OOO Merchant-994,Brand994,2,1,2023-05-26,micro,Hamkorbank,active
995,OOO Merchant-995,Brand995,17,7,2020-11-07,small,Agrobank,active
996,OOO Merchant-996,Brand996,6,11,2023-07-29,small,Agrobank,active
997,OOO Merchant-997,Brand997,11,1,2021-12-02,micro,Kapitalbank,active
998,OOO Merchant-998,Brand998,1,1,2023-12-13,micro,Ipoteka,active
999,OOO Merchant-999,Brand999,18,6,2022-12-13,micro,Aloqabank,active
1000,OOO Merchant-1000,Brand1000,3,6,2025-03-15,small,Kapitalbank,active
1001,OOO Merchant-1001,Brand1001,1,1,2022-07-12,micro,Ipoteka,active
1002,OOO Merchant-1002,Brand1002,7,10,2021-09-11,medium,NBU,active
1003,OOO Merchant-1003,Brand1003,2,4,2023-05-22,medium,NBU,active
1004,OOO Merchant-1004,Brand1004,2,11,2023-10-15,micro,Kapitalbank,active
1005,OOO Merchant-1005,Brand1005,11,10,2022-07-11,micro,NBU,active
1006,OOO Merchant-1006,Brand1006,5,9,2023-03-21,small,NBU,active
1007,OOO Merchant-1007,Brand1007,17,4,2022-09-15,small,NBU,suspended
1008,OOO Merchant-1008,Brand1008,4,1,2021-10-04,micro,Agrobank,active
1009,OOO Merchant-1009,Brand1009,13,4,2021-10-20,micro,NBU,active
1010,OOO Merchant-1010,Brand1010,7,1,2025-03-20,micro,NBU,active
1011,OOO Merchant-1011,Brand1011,11,6,2023-11-19,large,Kapitalbank,active
1012,OOO Merchant-1012,Brand1012,10,1,2020-07-19,micro,Ipoteka,active
1013,OOO Merchant-1013,Brand1013,7,4,2025-07-13,medium,Agrobank,active
1014,OOO Merchant-1014,Brand1014,18,1,2024-02-04,micro,Agrobank,active
1015,OOO Merchant-1015,Brand1015,4,1,2020-04-15,medium,Kapitalbank,active
1016,OOO Merchant-1016,Brand1016,2,1,2024-03-08,micro,Kapitalbank,active
1017,OOO Merchant-1017,Brand1017,12,5,2023-05-23,micro,Ipoteka,active
1018,OOO Merchant-1018,Brand1018,15,8,2025-04-06,medium,NBU,active
1019,OOO Merchant-1019,Brand1019,1,1,2022-10-24,medium,Ipoteka,active
1020,OOO Merchant-1020,Brand1020,6,10,2022-12-25,micro,NBU,active
1021,OOO Merchant-1021,Brand1021,16,10,2021-10-22,micro,NBU,active
1022,OOO Merchant-1022,Brand1022,13,2,2021-11-06,micro,Kapitalbank,active
1023,OOO Merchant-1023,Brand1023,18,6,2023-07-21,micro,NBU,active
1024,OOO Merchant-1024,Brand1024,8,2,2024-10-04,micro,NBU,active
1025,OOO Merchant-1025,Brand1025,11,1,2025-02-13,medium,Kapitalbank,active
1026,OOO Merchant-1026,Brand1026,4,4,2024-06-06,micro,Kapitalbank,active
1027,OOO Merchant-1027,Brand1027,18,1,2023-07-04,small,NBU,active
1028,OOO Merchant-1028,Brand1028,4,10,2022-11-16,micro,NBU,active
1029,OOO Merchant-1029,Brand1029,13,11,2021-12-14,micro,NBU,active
1030,OOO Merchant-1030,Brand1030,5,9,2024-05-31,small,Ipoteka,active
1031,OOO Merchant-1031,Brand1031,8,5,2021-10-30,micro,Aloqabank,active
1032,OOO Merchant-1032,Brand1032,12,5,2021-07-16,small,Agrobank,active
1033,OOO Merchant-1033,Brand1033,8,14,2024-12-27,micro,Kapitalbank,active
1034,OOO Merchant-1034,Brand1034,17,1,2023-05-22,medium,Kapitalbank,active
1035,OOO Merchant-1035,Brand1035,5,1,2022-01-13,small,Hamkorbank,active
1036,OOO Merchant-1036,Brand1036,11,5,2024-12-21,medium,Hamkorbank,active
1037,OOO Merchant-1037,Brand1037,4,2,2025-07-14,micro,NBU,active
1038,OOO Merchant-1038,Brand1038,5,2,2021-10-29,micro,NBU,active
1039,OOO Merchant-1039,Brand1039,6,1,2022-12-30,micro,Kapitalbank,active
1040,OOO Merchant-1040,Brand1040,2,5,2022-10-12,micro,Kapitalbank,active
1041,OOO Merchant-1041,Brand1041,1,1,2024-01-13,micro,NBU,active
1042,OOO Merchant-1042,Brand1042,11,1,2025-06-20,micro,Ipoteka,active
1043,OOO Merchant-1043,Brand1043,11,1,2023-02-25,micro,Ipoteka,active
1044,OOO Merchant-1044,Brand1044,11,2,2024-08-03,micro,Ipoteka,active
1045,OOO Merchant-1045,Brand1045,1,10,2023-06-04,micro,Kapitalbank,active
1046,OOO Merchant-1046,Brand1046,4,2,2025-02-05,micro,Hamkorbank,active
1047,OOO Merchant-1047,Brand1047,2,6,2022-04-29,micro,Kapitalbank,active
1048,OOO Merchant-1048,Brand1048,14,7,2022-03-20,small,NBU,active
1049,OOO Merchant-1049,Brand1049,15,2,2022-06-06,micro,NBU,active
1050,OOO Merchant-1050,Brand1050,3,9,2025-09-23,micro,Aloqabank,active
1051,OOO Merchant-1051,Brand1051,11,6,2023-07-08,micro,Kapitalbank,active
1052,OOO Merchant-1052,Brand1052,2,5,2020-11-16,small,NBU,active
1053,OOO Merchant-1053,Brand1053,3,1,2020-03-26,micro,Ipoteka,active
1054,OOO Merchant-1054,Brand1054,2,1,2022-12-25,small,Aloqabank,active
1055,OOO Merchant-1055,Brand1055,3,14,2024-08-18,medium,Aloqabank,active
1056,OOO Merchant-1056,Brand1056,11,8,2022-10-03,micro,Aloqabank,active
1057,OOO Merchant-1057,Brand1057,17,12,2023-03-22,medium,Hamkorbank,active
1058,OOO Merchant-1058,Brand1058,2,11,2024-08-03,small,Kapitalbank,active
1059,OOO Merchant-1059,Brand1059,8,1,2022-12-20,micro,Kapitalbank,active
1060,OOO Merchant-1060,Brand1060,12,8,2025-03-23,micro,NBU,active
1061,OOO Merchant-1061,Brand1061,18,3,2023-09-01,small,Hamkorbank,active
1062,OOO Merchant-1062,Brand1062,11,8,2024-03-15,large,Hamkorbank,active
1063,OOO Merchant-1063,Brand1063,3,1,2024-06-29,micro,NBU,active
1064,OOO Merchant-1064,Brand1064,11,1,2023-08-09,micro,Agrobank,active
1065,OOO Merchant-1065,Brand1065,4,7,2020-04-15,small,Ipoteka,active
1066,OOO Merchant-1066,Brand1066,18,8,2022-06-16,micro,NBU,active
1067,OOO Merchant-1067,Brand1067,5,5,2020-10-24,small,Ipoteka,active
1068,OOO Merchant-1068,Brand1068,12,1,2022-12-07,micro,Aloqabank,active
1069,OOO Merchant-1069,Brand1069,1,2,2020-10-27,small,Agrobank,suspended
1070,OOO Merchant-1070,Brand1070,5,13,2022-12-05,medium,Kapitalbank,active
1071,OOO Merchant-1071,Brand1071,15,3,2021-12-23,small,Agrobank,active
1072,OOO Merchant-1072,Brand1072,11,3,2020-02-12,small,Aloqabank,active
1073,OOO Merchant-1073,Brand1073,6,4,2020-09-19,small,Aloqabank,closed
1074,OOO Merchant-1074,Brand1074,17,2,2022-11-22,small,Aloqabank,active
1075,OOO Merchant-1075,Brand1075,15,4,2020-06-14,medium,Kapitalbank,active
1076,OOO Merchant-1076,Brand1076,4,3,2024-12-02,micro,Aloqabank,active
1077,OOO Merchant-1077,Brand1077,8,10,2024-05-12,small,Kapitalbank,active
1078,OOO Merchant-1078,Brand1078,7,11,2024-01-29,micro,Hamkorbank,active
1079,OOO Merchant-1079,Brand1079,11,12,2020-12-27,medium,NBU,active
1080,OOO Merchant-1080,Brand1080,4,5,2024-07-28,small,Hamkorbank,active
1081,OOO Merchant-1081,Brand1081,3,3,2023-08-25,micro,Agrobank,active
1082,OOO Merchant-1082,Brand1082,17,7,2022-03-31,micro,Ipoteka,active
1083,OOO Merchant-1083,Brand1083,17,10,2020-01-01,micro,Agrobank,active
1084,OOO Merchant-1084,Brand1084,15,5,2023-01-15,small,Ipoteka,active
1085,OOO Merchant-1085,Brand1085,18,6,2024-07-29,micro,NBU,suspended
1086,OOO Merchant-1086,Brand1086,13,7,2020-03-11,micro,NBU,active
1087,OOO Merchant-1087,Brand1087,13,6,2020-04-20,medium,Aloqabank,active
1088,OOO Merchant-1088,Brand1088,13,7,2022-03-15,small,Kapitalbank,active
1089,OOO Merchant-1089,Brand1089,7,1,2022-12-10,micro,Ipoteka,active
1090,OOO Merchant-1090,Brand1090,7,3,2022-09-23,micro,Hamkorbank,closed
1091,OOO Merchant-1091,Brand1091,3,5,2022-06-14,large,Ipoteka,active
1092,OOO Merchant-1092,Brand1092,11,1,2021-06-19,small,Kapitalbank,active
1093,OOO Merchant-1093,Brand1093,4,10,2020-05-05,small,Aloqabank,active
1094,OOO Merchant-1094,Brand1094,3,5,2020-03-06,micro,Hamkorbank,active
1095,OOO Merchant-1095,Brand1095,9,1,2020-07-26,micro,Aloqabank,active
1096,OOO Merchant-1096,Brand1096,5,9,2023-12-20,micro,Hamkorbank,active
1097,OOO Merchant-1097,Brand1097,3,7,2024-07-08,small,Agrobank,active
1098,OOO Merchant-1098,Brand1098,14,7,2022-07-02,micro,Ipoteka,active
1099,OOO Merchant-1099,Brand1099,15,2,2020-06-11,micro,Ipoteka,active
1100,OOO Merchant-1100,Brand1100,2,10,2022-05-22,small,NBU,active
1101,OOO Merchant-1101,Brand1101,1,3,2025-08-31,medium,Kapitalbank,active
1102,OOO Merchant-1102,Brand1102,4,5,2021-06-08,small,Hamkorbank,active
1103,OOO Merchant-1103,Brand1103,14,1,2022-10-28,micro,Hamkorbank,active
1104,OOO Merchant-1104,Brand1104,15,6,2023-02-03,micro,Ipoteka,active
1105,OOO Merchant-1105,Brand1105,2,7,2021-11-23,micro,NBU,active
1106,OOO Merchant-1106,Brand1106,14,5,2022-07-08,micro,Hamkorbank,active
1107,OOO Merchant-1107,Brand1107,2,3,2022-09-17,micro,Agrobank,active
1108,OOO Merchant-1108,Brand1108,5,9,2022-09-22,micro,Ipoteka,active
1109,OOO Merchant-1109,Brand1109,18,6,2024-02-16,small,NBU,active
1110,OOO Merchant-1110,Brand1110,2,1,2023-05-04,medium,Ipoteka,active
1111,OOO Merchant-1111,Brand1111,2,13,2020-04-22,large,Kapitalbank,active
1112,OOO Merchant-1112,Brand1112,5,7,2020-01-14,micro,Ipoteka,active
1113,OOO Merchant-1113,Brand1113,11,14,2022-05-12,micro,Ipoteka,active
1114,OOO Merchant-1114,Brand1114,17,13,2025-03-21,micro,Hamkorbank,active
1115,OOO Merchant-1115,Brand1115,18,11,2020-03-18,micro,Ipoteka,active
1116,OOO Merchant-1116,Brand1116,1,7,2020-05-29,micro,Kapitalbank,active
1117,OOO Merchant-1117,Brand1117,2,5,2023-11-27,micro,NBU,active
1118,OOO Merchant-1118,Brand1118,14,1,2022-08-04,small,Agrobank,active
1119,OOO Merchant-1119,Brand1119,3,4,2021-04-29,micro,Kapitalbank,active
1120,OOO Merchant-1120,Brand1120,16,8,2021-03-11,medium,Ipoteka,active
1121,OOO Merchant-1121,Brand1121,11,4,2023-10-28,micro,NBU,suspended
1122,OOO Merchant-1122,Brand1122,2,10,2023-01-04,micro,Hamkorbank,active
1123,OOO Merchant-1123,Brand1123,14,1,2023-09-02,micro,Aloqabank,active
1124,OOO Merchant-1124,Brand1124,2,2,2021-08-11,micro,NBU,active
1125,OOO Merchant-1125,Brand1125,5,4,2023-01-10,micro,NBU,active
1126,OOO Merchant-1126,Brand1126,8,3,2024-12-11,large,NBU,closed
1127,OOO Merchant-1127,Brand1127,7,1,2021-10-26,micro,Hamkorbank,active
1128,OOO Merchant-1128,Brand1128,12,1,2022-04-12,micro,Agrobank,active
1129,OOO Merchant-1129,Brand1129,11,10,2020-12-09,small,Kapitalbank,active
1130,OOO Merchant-1130,Brand1130,18,3,2023-09-03,micro,Ipoteka,active
1131,OOO Merchant-1131,Brand1131,18,1,2020-03-09,small,Aloqabank,active
1132,OOO Merchant-1132,Brand1132,8,1,2021-06-06,micro,Hamkorbank,closed
1133,OOO Merchant-1133,Brand1133,1,3,2024-02-06,small,Ipoteka,active
1134,OOO Merchant-1134,Brand1134,13,1,2020-02-10,micro,NBU,active
1135,OOO Merchant-1135,Brand1135,18,7,2025-09-08,micro,Ipoteka,active
1136,OOO Merchant-1136,Brand1136,4,9,2022-04-28,small,Aloqabank,active
1137,OOO Merchant-1137,Brand1137,7,1,2022-04-17,medium,Hamkorbank,active
1138,OOO Merchant-1138,Brand1138,5,5,2023-01-31,micro,Hamkorbank,active
1139,OOO Merchant-1139,Brand1139,1,1,2023-09-04,small,Aloqabank,active
1140,OOO Merchant-1140,Brand1140,11,1,2022-08-23,micro,Ipoteka,active
1141,OOO Merchant-1141,Brand1141,4,11,2025-01-30,micro,Ipoteka,active
1142,OOO Merchant-1142,Brand1142,14,4,2025-07-13,micro,NBU,active
1143,OOO Merchant-1143,Brand1143,14,11,2021-02-24,small,Aloqabank,active
1144,OOO Merchant-1144,Brand1144,14,1,2024-01-24,micro,Hamkorbank,active
1145,OOO Merchant-1145,Brand1145,5,2,2021-09-23,small,Ipoteka,active
1146,OOO Merchant-1146,Brand1146,4,3,2025-09-21,micro,NBU,active
1147,OOO Merchant-1147,Brand1147,13,3,2021-06-15,medium,Hamkorbank,active
1148,OOO Merchant-1148,Brand1148,14,14,2021-09-11,small,Hamkorbank,active
1149,OOO Merchant-1149,Brand1149,7,1,2024-02-08,micro,Hamkorbank,active
1150,OOO Merchant-1150,Brand1150,16,10,2024-07-15,micro,NBU,active
1151,OOO Merchant-1151,Brand1151,2,10,2020-09-27,micro,Agrobank,active
1152,OOO Merchant-1152,Brand1152,15,4,2023-03-12,medium,Aloqabank,active
1153,OOO Merchant-1153,Brand1153,1,2,2021-12-26,micro,Hamkorbank,active
1154,OOO Merchant-1154,Brand1154,2,4,2023-07-08,micro,Hamkorbank,active
1155,OOO Merchant-1155,Brand1155,8,1,2023-03-15,micro,Agrobank,active
1156,OOO Merchant-1156,Brand1156,1,9,2025-09-01,small,Agrobank,active
1157,OOO Merchant-1157,Brand1157,1,3,2025-05-14,micro,Hamkorbank,active
1158,OOO Merchant-1158,Brand1158,1,11,2023-10-05,micro,Kapitalbank,active
1159,OOO Merchant-1159,Brand1159,6,5,2023-11-27,large,Ipoteka,active
1160,OOO Merchant-1160,Brand1160,14,4,2025-03-02,micro,Aloqabank,active
1161,OOO Merchant-1161,Brand1161,1,7,2021-01-20,small,Hamkorbank,active
1162,OOO Merchant-1162,Brand1162,11,3,2024-03-04,micro,NBU,active
1163,OOO Merchant-1163,Brand1163,14,11,2024-06-09,micro,NBU,active
1164,OOO Merchant-1164,Brand1164,2,1,2020-09-24,medium,Agrobank,active
1165,OOO Merchant-1165,Brand1165,2,13,2025-01-24,small,Agrobank,active
1166,OOO Merchant-1166,Brand1166,15,9,2024-01-08,small,Agrobank,active
1167,OOO Merchant-1167,Brand1167,14,10,2021-12-29,micro,Kapitalbank,active
1168,OOO Merchant-1168,Brand1168,8,3,2022-10-14,micro,Aloqabank,active
1169,OOO Merchant-1169,Brand1169,14,10,2022-10-25,micro,Aloqabank,active
1170,OOO Merchant-1170,Brand1170,1,1,2025-04-13,micro,Ipoteka,active
1171,OOO Merchant-1171,Brand1171,5,7,2025-07-28,micro,NBU,active
1172,OOO Merchant-1172,Brand1172,13,1,2024-08-21,micro,Agrobank,active
1173,OOO Merchant-1173,Brand1173,3,1,2023-10-01,micro,NBU,active
1174,OOO Merchant-1174,Brand1174,13,3,2020-08-06,micro,Hamkorbank,active
1175,OOO Merchant-1175,Brand1175,8,2,2025-04-05,micro,Hamkorbank,active
1176,OOO Merchant-1176,Brand1176,13,2,2020-10-08,micro,Hamkorbank,active
1177,OOO Merchant-1177,Brand1177,7,9,2020-12-16,medium,Ipoteka,active
1178,OOO Merchant-1178,Brand1178,4,1,2020-05-26,small,Hamkorbank,active
1179,OOO Merchant-1179,Brand1179,3,7,2025-06-13,micro,NBU,suspended
1180,OOO Merchant-1180,Brand1180,2,1,2022-11-01,small,Aloqabank,suspended
1181,OOO Merchant-1181,Brand1181,13,8,2021-05-10,small,NBU,active
1182,OOO Merchant-1182,Brand1182,2,8,2020-06-18,micro,Hamkorbank,active
1183,OOO Merchant-1183,Brand1183,1,2,2022-05-15,micro,Aloqabank,active
1184,OOO Merchant-1184,Brand1184,2,7,2024-02-28,micro,NBU,active
1185,OOO Merchant-1185,Brand1185,2,11,2025-09-19,micro,Ipoteka,active
1186,OOO Merchant-1186,Brand1186,14,9,2023-03-05,small,Aloqabank,active
1187,OOO Merchant-1187,Brand1187,5,2,2023-06-28,large,NBU,active
1188,OOO Merchant-1188,Brand1188,18,3,2024-10-21,micro,NBU,suspended
1189,OOO Merchant-1189,Brand1189,2,8,2025-03-08,small,Kapitalbank,active
1190,OOO Merchant-1190,Brand1190,11,1,2021-08-10,micro,Agrobank,active
1191,OOO Merchant-1191,Brand1191,6,9,2025-09-13,small,Kapitalbank,active
1192,OOO Merchant-1192,Brand1192,5,2,2022-12-26,small,Kapitalbank,active
1193,OOO Merchant-1193,Brand1193,15,9,2025-05-07,micro,Agrobank,active
1194,OOO Merchant-1194,Brand1194,18,1,2020-09-03,micro,Kapitalbank,active
1195,OOO Merchant-1195,Brand1195,15,1,2020-07-23,small,Kapitalbank,closed
1196,OOO Merchant-1196,Brand1196,2,14,2025-01-31,large,Kapitalbank,active
1197,OOO Merchant-1197,Brand1197,3,10,2023-11-13,micro,Ipoteka,active
1198,OOO Merchant-1198,Brand1198,11,11,2021-01-02,micro,Ipoteka,active
1199,OOO Merchant-1199,Brand1199,4,12,2025-02-22,micro,Hamkorbank,active
1200,OOO Merchant-1200,Brand1200,13,3,2020-08-02,small,NBU,active
