terminal_id,merchant_id,terminal_type,region_id,device_model,activated_date,is_active
1,1,POS,5,Ingenico,2024-02-14,True
2,2,QR,8,Ingenico,2021-09-25,True
3,3,POS,7,Ingenico,2021-10-01,True
4,4,POS,11,Software-QR,2021-01-09,True
5,5,POS,9,Ingenico,2020-02-27,True
6,6,QR,1,Verifone,2022-11-18,True
7,7,POS,4,Software-QR,2026-01-10,True
8,7,POS,4,Ingenico,2025-12-27,True
9,8,POS,1,Verifone-old,2021-08-03,True
10,9,POS,2,Ingenico,2022-08-23,False
11,10,POS,12,Software-QR,2025-09-20,True
12,11,POS,6,PAX,2024-10-20,True
13,11,POS,6,Verifone-old,2024-12-12,True
14,12,POS,13,PAX,2020-02-29,True
15,12,ECOM,13,Verifone,2020-01-17,True
16,13,POS,3,Verifone,2022-12-14,False
17,14,POS,4,Software-QR,2021-04-05,True
18,14,POS,4,PAX,2021-04-22,True
19,15,POS,3,PAX,2021-09-06,True
20,15,POS,3,Ingenico,2021-06-26,True
21,16,POS,1,PAX,2021-08-27,True
22,17,POS,1,Software-QR,2023-08-12,True
23,18,POS,4,PAX,2021-02-25,True
24,18,POS,4,PAX,2021-05-07,True
25,18,POS,4,Ingenico,2021-03-21,True
26,18,POS,4,PAX,2021-07-21,True
27,18,POS,4,Ingenico,2021-06-23,True
28,19,POS,1,Ingenico,2021-12-24,True
29,19,POS,1,Ingenico,2021-08-24,True
30,19,POS,1,Verifone,2021-10-12,True
31,20,POS,12,Software-QR,2021-07-24,True
32,21,POS,1,Ingenico,2022-04-16,True
33,21,QR,1,Verifone,2022-05-30,True
34,22,POS,1,PAX,2023-12-11,True
35,22,POS,1,Software-QR,2023-10-19,True
36,23,POS,8,Ingenico,2022-07-31,True
37,23,POS,8,PAX,2022-08-25,True
38,23,POS,8,PAX,2022-09-09,True
39,23,POS,8,Verifone,2022-05-17,True
40,23,POS,8,Ingenico,2022-08-23,True
41,24,ECOM,1,PAX,2022-05-06,False
42,25,POS,11,Ingenico,2023-03-07,True
43,25,POS,11,Ingenico,2023-05-16,True
44,25,POS,11,Ingenico,2023-04-01,True
45,26,POS,7,PAX,2023-12-09,True
46,26,POS,7,Verifone,2023-07-17,True
47,26,POS,7,Ingenico,2023-12-20,True
48,26,POS,7,Ingenico,2024-01-25,True
49,27,POS,1,Ingenico,2020-06-01,True
50,27,POS,1,Software-QR,2020-03-17,False
51,27,POS,1,Verifone,2020-05-04,True
52,27,POS,1,Ingenico,2020-04-23,True
53,27,POS,1,Ingenico,2020-04-08,False
54,28,POS,6,PAX,2025-03-27,True
55,29,POS,6,Verifone,2025-06-22,True
56,29,POS,6,Ingenico,2025-07-30,True
57,30,POS,7,Verifone,2023-12-30,True
58,31,POS,10,Software-QR,2023-05-12,False
59,32,POS,7,Verifone,2024-02-22,True
60,33,POS,5,Ingenico,2022-11-15,True
61,34,ECOM,2,Software-QR,2022-04-28,True
62,35,POS,6,Verifone-old,2022-03-23,True
63,36,POS,12,Verifone,2021-03-25,True
64,36,POS,12,Software-QR,2021-04-13,True
65,37,POS,5,Verifone,2024-12-03,True
66,38,POS,6,Ingenico,2022-04-11,False
67,39,QR,3,Ingenico,2021-11-10,True
68,40,QR,7,PAX,2025-12-08,True
69,40,POS,7,Verifone,2026-01-20,True
70,41,POS,14,Verifone,2023-03-08,True
71,41,POS,14,PAX,2022-12-28,False
72,41,POS,14,Ingenico,2023-02-10,True
73,41,POS,14,Ingenico,2023-06-04,True
74,41,POS,14,Verifone,2023-03-22,True
75,41,POS,14,PAX,2023-04-19,False
76,41,POS,14,Ingenico,2023-01-18,True
77,41,POS,14,Verifone-old,2022-11-30,False
78,41,QR,14,Ingenico,2023-04-20,True
79,42,POS,1,Verifone,2024-01-05,True
80,43,POS,1,Ingenico,2021-06-09,False
81,44,POS,4,PAX,2022-01-29,True
82,44,POS,4,Software-QR,2022-01-24,True
83,45,POS,3,Ingenico,2024-04-28,True
84,45,POS,3,Software-QR,2024-03-09,True
85,46,QR,5,PAX,2022-11-17,True
86,47,ECOM,1,PAX,2020-11-11,True
87,47,ECOM,1,Verifone,2021-05-21,True
88,47,ECOM,1,Ingenico,2021-05-04,True
89,47,ECOM,1,Verifone,2020-12-11,True
90,48,POS,2,Ingenico,2024-11-09,False
91,48,QR,2,PAX,2024-12-24,True
92,48,POS,2,Software-QR,2024-12-24,True
93,49,QR,5,Ingenico,2022-10-30,True
94,49,POS,5,Ingenico,2022-08-19,True
95,49,POS,5,PAX,2022-05-20,True
96,50,POS,5,Verifone-old,2024-04-14,True
97,50,POS,5,Software-QR,2024-01-22,False
98,50,POS,5,Verifone-old,2023-11-27,True
99,50,POS,5,Verifone,2024-03-29,True
100,50,POS,5,Ingenico,2024-04-03,True
101,51,POS,6,Verifone,2022-06-17,True
102,52,POS,7,Ingenico,2023-08-05,True
103,53,POS,6,Ingenico,2024-11-22,True
104,54,POS,8,Software-QR,2025-03-27,True
105,54,POS,8,PAX,2025-07-06,False
106,55,POS,5,Verifone,2021-08-19,True
107,56,QR,4,Software-QR,2023-12-26,False
108,57,POS,5,PAX,2025-06-01,True
109,57,POS,5,PAX,2025-04-09,True
110,58,POS,1,Ingenico,2023-11-11,True
111,59,QR,1,Verifone,2020-11-25,True
112,59,POS,1,Verifone,2021-01-02,True
113,60,POS,4,Software-QR,2021-02-14,True
114,60,POS,4,Ingenico,2021-04-26,True
115,60,POS,4,Verifone,2021-07-19,True
116,60,POS,4,Software-QR,2021-04-14,True
117,60,POS,4,Verifone,2021-04-17,True
118,60,POS,5,PAX,2021-04-03,True
119,60,POS,3,PAX,2021-02-15,True
120,60,QR,7,Software-QR,2021-03-24,True
121,60,POS,10,Ingenico,2021-05-20,True
122,60,POS,4,Ingenico,2021-08-17,True
123,61,POS,10,Verifone,2021-09-12,True
124,62,POS,6,Verifone,2020-12-09,True
125,63,POS,1,Ingenico,2024-06-01,True
126,64,POS,5,Ingenico,2025-10-31,False
127,64,POS,5,Ingenico,2025-12-19,True
128,65,POS,1,Verifone-old,2023-01-29,True
129,65,POS,1,Verifone,2023-05-03,True
130,65,QR,1,Software-QR,2023-06-03,True
131,66,QR,7,Verifone,2023-10-22,True
132,66,POS,7,Software-QR,2023-09-26,True
133,66,POS,7,Software-QR,2023-09-16,True
134,67,POS,10,Ingenico,2024-11-24,True
135,68,POS,5,PAX,2022-08-01,True
136,68,POS,5,Ingenico,2022-09-30,True
137,68,POS,5,Software-QR,2022-07-30,True
138,68,POS,12,PAX,2022-07-01,True
139,68,POS,5,Software-QR,2022-07-14,True
140,68,POS,5,Verifone,2022-07-03,True
141,69,POS,5,Ingenico,2022-12-19,True
142,69,POS,5,PAX,2022-11-04,True
143,70,POS,2,Ingenico,2023-08-06,True
144,71,POS,3,Verifone,2022-01-17,False
145,71,POS,5,PAX,2022-01-26,False
146,71,POS,3,PAX,2021-11-12,False
147,71,POS,3,Ingenico,2022-02-11,True
148,72,POS,10,PAX,2020-11-05,True
149,73,POS,7,Ingenico,2023-06-09,True
150,74,POS,4,PAX,2024-10-18,True
151,74,POS,4,Ingenico,2024-11-27,True
152,75,POS,2,Ingenico,2020-10-11,True
153,75,QR,2,Software-QR,2020-09-09,True
154,75,POS,2,Verifone-old,2020-07-31,True
155,76,POS,1,Software-QR,2021-06-23,True
156,77,POS,1,Software-QR,2021-09-29,True
157,78,POS,1,PAX,2025-01-18,True
158,79,POS,2,Verifone,2022-12-20,True
159,79,QR,2,PAX,2023-04-03,False
160,80,POS,12,PAX,2023-03-31,True
161,80,POS,12,Software-QR,2023-06-25,True
162,81,POS,3,Verifone,2024-01-10,True
163,82,ECOM,1,Software-QR,2021-12-22,True
164,82,ECOM,1,Ingenico,2021-11-03,True
165,83,QR,1,Ingenico,2024-04-08,False
166,83,POS,1,Verifone,2024-06-05,True
167,84,POS,2,PAX,2020-09-19,True
168,85,POS,9,Verifone,2020-09-12,True
169,85,POS,9,PAX,2020-11-02,True
170,85,POS,9,PAX,2020-12-01,True
171,85,QR,9,PAX,2020-12-04,True
172,85,POS,9,Verifone,2021-01-19,True
173,86,POS,2,Ingenico,2025-03-14,True
174,86,POS,2,Verifone-old,2025-02-12,True
175,86,POS,2,PAX,2024-12-07,True
176,86,POS,2,PAX,2024-12-22,False
177,87,POS,8,Ingenico,2023-10-25,True
178,87,POS,8,Ingenico,2024-03-20,True
179,88,QR,9,Verifone,2021-07-09,True
180,88,POS,9,Ingenico,2021-03-12,True
181,88,POS,9,Ingenico,2021-03-19,True
182,89,POS,1,PAX,2022-10-06,True
183,89,POS,1,Verifone,2022-12-12,True
184,89,POS,1,PAX,2022-10-20,True
185,89,POS,1,PAX,2022-07-17,True
186,90,POS,5,Verifone,2020-07-19,True
187,91,POS,13,Ingenico,2023-12-24,True
188,92,POS,2,Ingenico,2024-07-23,False
189,92,POS,2,Verifone,2024-06-25,True
190,92,POS,2,PAX,2024-11-17,True
191,93,POS,1,Software-QR,2021-11-28,True
192,94,ECOM,11,Software-QR,2022-05-19,True
193,95,QR,11,Software-QR,2021-11-04,True
194,96,POS,4,Ingenico,2022-09-26,False
195,97,POS,4,Software-QR,2021-10-13,True
196,98,POS,1,Ingenico,2021-12-14,False
197,99,POS,9,PAX,2022-07-20,True
198,100,POS,3,PAX,2025-01-29,True
199,101,POS,1,PAX,2024-05-27,False
200,102,POS,6,PAX,2021-11-29,True
201,102,QR,6,Software-QR,2021-09-23,True
202,102,QR,6,Software-QR,2021-12-27,True
203,102,POS,6,PAX,2022-02-19,True
204,103,POS,12,Ingenico,2025-11-28,True
205,103,POS,12,Verifone-old,2025-09-19,True
206,103,POS,12,Ingenico,2025-08-04,True
207,104,QR,10,Software-QR,2021-09-24,True
208,105,POS,1,PAX,2025-04-05,False
209,105,POS,1,PAX,2025-04-13,False
210,105,POS,1,Verifone,2025-04-02,True
211,105,POS,1,Ingenico,2025-06-03,True
212,106,POS,1,Verifone,2021-12-27,True
213,106,POS,1,Ingenico,2022-01-06,True
214,106,QR,1,Verifone,2022-01-29,False
215,106,POS,1,PAX,2022-03-19,True
216,107,QR,12,PAX,2023-07-12,True
217,107,POS,12,Ingenico,2023-05-31,False
218,107,QR,12,Software-QR,2023-08-19,True
219,108,POS,12,PAX,2021-05-08,True
220,108,POS,12,Ingenico,2021-07-14,True
221,109,POS,4,Verifone,2024-07-19,True
222,110,ECOM,6,PAX,2021-12-31,True
223,110,ECOM,6,PAX,2021-12-06,True
224,111,POS,3,Verifone,2025-02-11,True
225,112,POS,3,Verifone-old,2020-11-20,True
226,112,POS,3,Software-QR,2020-11-23,True
227,113,POS,1,Ingenico,2023-05-23,True
228,113,POS,1,PAX,2023-03-20,True
229,114,POS,1,PAX,2021-03-18,True
230,115,POS,1,PAX,2025-07-06,True
231,116,POS,10,Verifone-old,2022-08-21,True
232,116,QR,10,Verifone-old,2022-11-12,True
233,116,QR,10,Ingenico,2022-09-07,True
234,116,POS,10,PAX,2022-05-30,False
235,116,POS,10,Ingenico,2022-08-28,True
236,117,POS,1,Ingenico,2024-03-22,False
237,117,POS,1,PAX,2024-02-14,True
238,117,POS,1,Verifone,2023-12-27,True
239,117,POS,1,PAX,2024-05-18,True
240,118,POS,1,Verifone,2025-03-05,True
241,118,POS,1,PAX,2025-07-11,True
242,118,POS,1,Software-QR,2025-05-26,True
243,119,POS,4,PAX,2023-06-17,True
244,120,POS,1,Verifone,2020-08-04,True
245,120,POS,1,PAX,2020-08-17,True
246,120,POS,1,Software-QR,2020-07-02,True
247,120,POS,1,PAX,2020-11-02,True
248,121,POS,1,Ingenico,2021-06-10,True
249,122,QR,5,Verifone,2021-06-02,True
250,123,POS,2,Verifone,2025-04-21,True
251,124,ECOM,5,Verifone,2025-08-04,True
252,124,ECOM,5,Ingenico,2025-04-12,True
253,125,POS,11,PAX,2022-10-06,True
254,125,POS,11,Ingenico,2022-11-19,True
255,126,POS,1,PAX,2025-03-02,True
256,126,POS,1,Ingenico,2025-07-11,True
257,127,POS,11,Ingenico,2021-11-16,True
258,128,POS,11,Verifone,2023-12-13,False
259,129,POS,10,PAX,2022-08-28,True
260,130,POS,6,Ingenico,2021-10-07,True
261,131,POS,5,PAX,2021-11-12,True
262,131,POS,5,Software-QR,2021-10-18,True
263,131,POS,5,Verifone,2021-11-15,True
264,132,ECOM,6,Verifone-old,2022-12-06,True
265,133,QR,6,Ingenico,2022-05-02,True
266,134,POS,1,PAX,2021-06-09,True
267,134,POS,1,Verifone-old,2021-04-03,True
268,134,POS,1,Ingenico,2021-04-26,True
269,134,POS,1,PAX,2021-08-22,True
270,134,POS,1,PAX,2021-04-02,True
271,135,POS,12,Verifone,2022-01-12,True
272,135,POS,12,Software-QR,2022-03-14,True
273,135,POS,12,Software-QR,2022-06-13,True
274,136,POS,5,Ingenico,2021-02-05,False
275,136,POS,5,Ingenico,2020-11-22,True
276,136,POS,5,Verifone-old,2021-02-12,True
277,136,POS,5,Ingenico,2020-12-15,True
278,137,POS,8,Ingenico,2025-08-06,True
279,138,QR,2,Software-QR,2022-05-26,True
280,138,POS,2,Software-QR,2022-09-18,False
281,138,POS,2,Software-QR,2022-04-14,False
282,138,POS,2,Software-QR,2022-06-28,True
283,138,POS,2,Ingenico,2022-06-14,True
284,139,POS,1,Verifone,2020-11-16,True
285,139,POS,1,Verifone-old,2020-09-11,False
286,139,POS,1,Verifone,2020-12-08,True
287,139,POS,1,Ingenico,2020-11-23,True
288,140,POS,4,Ingenico,2023-09-23,True
289,141,POS,4,PAX,2025-07-26,False
290,141,POS,4,Verifone,2025-06-22,True
291,142,QR,3,PAX,2022-02-03,True
292,142,POS,3,Ingenico,2022-05-03,True
293,143,ECOM,2,Verifone,2024-12-26,True
294,143,ECOM,2,PAX,2025-05-24,True
295,144,POS,1,Software-QR,2023-07-25,True
296,144,POS,1,Verifone,2023-11-12,False
297,144,POS,1,Ingenico,2023-10-03,True
298,144,QR,1,PAX,2023-09-26,True
299,144,POS,1,PAX,2023-12-12,True
300,145,QR,4,Ingenico,2024-10-14,True
301,146,POS,2,Ingenico,2021-12-30,False
302,147,POS,13,Ingenico,2020-08-28,True
303,148,POS,1,Software-QR,2022-03-25,True
304,149,POS,2,PAX,2025-05-03,False
305,150,POS,1,Verifone,2024-07-25,True
306,151,POS,4,Verifone-old,2024-11-26,True
307,152,POS,3,Ingenico,2025-06-14,True
308,152,ECOM,3,PAX,2025-07-24,True
309,153,POS,6,Ingenico,2022-08-28,True
310,154,POS,12,PAX,2022-05-14,True
311,155,POS,1,PAX,2025-05-28,True
312,155,POS,1,PAX,2025-06-21,True
313,155,POS,1,Ingenico,2025-11-08,True
314,155,POS,1,PAX,2025-06-06,True
315,155,POS,1,Software-QR,2025-06-10,False
316,155,QR,1,Ingenico,2025-08-28,True
317,156,POS,6,PAX,2023-05-24,True
318,157,POS,1,Software-QR,2021-11-02,True
319,158,POS,1,PAX,2021-09-14,False
320,158,POS,1,PAX,2021-08-22,True
321,159,POS,3,PAX,2025-03-01,True
322,160,POS,1,Verifone,2020-04-28,True
323,161,QR,5,Software-QR,2020-06-07,True
324,161,POS,5,PAX,2020-08-20,True
325,162,POS,6,Verifone,2024-09-26,True
326,163,POS,7,Software-QR,2020-03-03,True
327,164,POS,4,Software-QR,2021-01-26,True
328,164,POS,4,PAX,2021-04-18,True
329,164,POS,4,Software-QR,2021-02-03,True
330,165,QR,5,Verifone,2025-11-03,True
331,166,POS,2,Software-QR,2022-06-13,False
332,167,POS,1,Ingenico,2024-03-30,False
333,168,QR,1,Ingenico,2023-01-23,True
334,169,POS,6,Ingenico,2020-08-08,True
335,170,POS,14,Ingenico,2021-06-03,True
336,170,POS,14,Ingenico,2021-06-22,True
337,171,POS,1,PAX,2024-11-05,True
338,171,QR,1,Verifone,2024-08-22,True
339,171,POS,1,PAX,2024-11-03,False
340,171,POS,1,PAX,2024-10-13,True
341,172,POS,5,Software-QR,2020-07-30,True
342,172,POS,5,Software-QR,2020-09-24,True
343,172,POS,5,Verifone,2020-12-22,True
344,173,POS,7,PAX,2023-08-24,True
345,174,ECOM,10,Verifone,2022-06-15,True
346,175,POS,2,PAX,2022-04-28,True
347,175,POS,4,Ingenico,2022-08-18,True
348,175,POS,4,Software-QR,2022-07-17,True
349,175,POS,4,PAX,2022-03-30,True
350,175,POS,10,Ingenico,2022-06-12,True
351,176,POS,5,Verifone,2025-09-25,True
352,177,POS,6,Ingenico,2023-07-28,True
353,177,POS,6,Software-QR,2023-09-15,True
354,177,POS,6,PAX,2023-12-19,True
355,178,POS,10,Software-QR,2023-10-22,True
356,178,POS,10,Software-QR,2023-10-19,True
357,178,POS,10,PAX,2023-09-15,True
358,179,ECOM,1,Verifone,2022-01-28,True
359,180,POS,11,PAX,2022-04-05,True
360,180,POS,11,Ingenico,2022-07-02,True
361,181,ECOM,1,Verifone,2024-01-02,True
362,181,POS,1,PAX,2024-03-06,True
363,182,ECOM,10,Verifone,2020-07-04,False
364,182,POS,10,Verifone,2020-09-04,False
365,182,ECOM,10,Verifone,2020-04-19,True
366,183,POS,1,Verifone-old,2021-08-21,False
367,184,POS,1,Ingenico,2023-10-04,True
368,184,POS,14,Software-QR,2023-09-11,True
369,184,POS,1,Verifone-old,2023-10-21,False
370,184,POS,1,PAX,2023-06-15,True
371,184,QR,5,PAX,2023-10-16,True
372,184,POS,1,Ingenico,2023-10-28,True
373,184,QR,8,Software-QR,2023-06-29,False
374,185,POS,1,PAX,2023-12-31,True
375,185,POS,1,PAX,2023-10-13,True
376,185,POS,1,Ingenico,2023-11-12,True
377,185,POS,1,Verifone-old,2024-01-07,True
378,185,POS,1,Verifone-old,2024-01-06,True
379,185,POS,1,Software-QR,2023-11-20,True
380,185,POS,1,Verifone,2023-10-09,False
381,185,POS,1,Software-QR,2023-09-12,True
382,186,QR,3,PAX,2020-09-22,True
383,187,ECOM,2,Verifone,2024-07-13,True
384,188,QR,1,Software-QR,2023-04-20,True
385,189,POS,3,Ingenico,2021-07-10,True
386,189,POS,3,Software-QR,2021-08-20,True
387,189,POS,3,Verifone-old,2021-08-05,True
388,189,POS,3,Ingenico,2021-09-10,True
389,189,POS,3,Software-QR,2021-09-19,True
390,190,POS,2,Software-QR,2024-09-23,True
391,191,ECOM,8,Software-QR,2025-10-03,True
392,192,POS,11,Verifone,2022-07-28,True
393,192,POS,11,Ingenico,2022-11-14,True
394,192,POS,11,Ingenico,2022-12-06,True
395,192,POS,11,Software-QR,2022-11-29,True
396,193,QR,6,PAX,2022-01-30,True
397,194,QR,1,PAX,2022-02-05,True
398,194,POS,1,Verifone,2021-09-21,True
399,194,POS,1,PAX,2021-10-21,True
400,195,POS,1,PAX,2023-12-07,True
401,195,POS,1,Software-QR,2023-10-03,True
402,196,POS,11,Verifone,2020-09-22,True
403,197,ECOM,1,Ingenico,2023-02-18,False
404,198,POS,2,Ingenico,2020-03-30,True
405,198,POS,2,Ingenico,2020-07-16,True
406,198,POS,2,Verifone,2020-08-07,True
407,198,QR,2,Verifone,2020-03-28,True
408,199,POS,12,Software-QR,2020-05-12,True
409,199,POS,12,PAX,2020-06-12,True
410,200,POS,12,Ingenico,2022-11-17,True
411,201,POS,2,Software-QR,2024-07-01,True
412,202,POS,6,PAX,2025-06-04,True
413,203,POS,3,Ingenico,2020-11-16,True
414,203,POS,3,PAX,2020-12-18,True
415,203,POS,3,Software-QR,2020-09-26,False
416,203,POS,3,Verifone,2020-09-25,True
417,203,POS,3,Software-QR,2020-10-02,True
418,204,QR,7,Ingenico,2021-08-08,True
419,205,POS,1,Verifone,2022-06-29,True
420,205,QR,1,Ingenico,2022-10-29,True
421,205,POS,1,Ingenico,2022-06-29,True
422,206,POS,1,Ingenico,2023-05-11,True
423,207,POS,5,Ingenico,2026-02-08,True
424,207,POS,5,PAX,2025-11-10,True
425,208,POS,1,Ingenico,2024-03-12,True
426,209,POS,6,Ingenico,2023-05-31,True
427,209,POS,6,Verifone-old,2023-02-15,True
428,209,POS,6,Verifone,2023-06-19,False
429,209,QR,6,PAX,2023-05-16,True
430,210,POS,2,PAX,2020-10-02,True
431,211,POS,11,Verifone,2020-09-22,True
432,211,POS,11,Ingenico,2020-11-11,True
433,212,POS,11,PAX,2020-12-30,True
434,212,POS,3,Verifone,2021-05-03,True
435,212,POS,9,PAX,2021-02-04,True
436,212,POS,9,Verifone,2021-02-23,True
437,212,POS,9,Verifone-old,2021-04-16,True
438,212,POS,9,Ingenico,2021-03-11,True
439,212,POS,14,Verifone,2020-12-03,True
440,212,POS,9,Software-QR,2021-03-28,True
441,212,POS,9,Verifone,2021-02-20,True
442,212,POS,9,Ingenico,2021-02-20,True
443,213,POS,3,Verifone-old,2023-11-28,True
444,214,POS,8,Verifone,2022-03-15,True
445,214,QR,8,Software-QR,2021-12-05,False
446,214,POS,8,Software-QR,2022-04-19,True
447,214,POS,8,Ingenico,2022-03-20,True
448,214,POS,8,Verifone,2022-03-19,True
449,214,POS,8,Verifone,2021-11-29,True
450,214,POS,8,Verifone,2021-12-31,True
451,214,POS,8,Verifone-old,2022-01-09,True
452,214,QR,8,PAX,2022-03-24,True
453,214,POS,8,Verifone,2022-02-12,True
454,214,QR,8,Software-QR,2022-03-15,True
455,214,POS,8,Ingenico,2022-05-03,True
456,214,POS,8,Ingenico,2022-02-11,True
457,215,POS,1,PAX,2021-08-27,True
458,216,POS,3,Ingenico,2024-03-16,True
459,217,POS,1,Verifone,2024-11-02,True
460,217,POS,1,PAX,2025-03-14,True
461,218,POS,10,Verifone,2022-10-24,True
462,219,ECOM,9,PAX,2025-02-01,True
463,219,ECOM,9,Ingenico,2025-04-18,True
464,219,ECOM,9,Software-QR,2025-07-24,True
465,219,ECOM,9,Verifone-old,2025-07-17,True
466,220,POS,11,Verifone,2024-06-17,True
467,220,ECOM,11,PAX,2024-05-10,False
468,220,ECOM,11,Verifone,2024-08-17,True
469,220,ECOM,11,Verifone-old,2024-06-22,True
470,220,ECOM,11,Software-QR,2024-09-28,True
471,220,ECOM,4,Verifone-old,2024-08-21,True
472,220,ECOM,11,PAX,2024-06-16,True
473,221,POS,10,Verifone,2024-03-15,True
474,221,POS,10,Verifone,2024-05-05,True
475,221,POS,10,PAX,2024-04-01,True
476,222,POS,13,PAX,2025-05-19,True
477,223,POS,1,Ingenico,2021-07-21,True
478,224,POS,12,Software-QR,2024-10-02,True
479,225,POS,5,Verifone-old,2025-11-24,True
480,226,POS,3,PAX,2025-10-15,True
481,227,POS,5,PAX,2023-10-21,False
482,228,QR,2,Ingenico,2024-05-10,True
483,228,POS,2,Verifone,2024-08-08,True
484,228,POS,2,Verifone,2024-09-11,True
485,229,POS,1,Verifone,2025-02-15,True
486,229,POS,1,Software-QR,2025-06-10,True
487,229,POS,1,PAX,2025-08-09,True
488,229,POS,1,Ingenico,2025-06-15,True
489,229,QR,1,PAX,2025-02-24,False
490,230,QR,1,PAX,2025-05-18,True
491,231,POS,1,Verifone,2025-05-11,True
492,232,ECOM,3,PAX,2025-01-11,True
493,233,POS,11,Software-QR,2022-09-25,True
494,234,QR,6,Software-QR,2024-06-19,True
495,234,ECOM,6,Verifone,2024-06-16,True
496,234,ECOM,6,Verifone,2024-04-10,True
497,234,ECOM,6,Verifone,2024-05-21,True
498,235,POS,4,Ingenico,2022-11-13,True
499,236,POS,5,Verifone-old,2024-08-15,True
500,236,POS,3,Ingenico,2024-11-23,True
501,236,POS,3,PAX,2024-09-02,True
502,237,POS,3,PAX,2024-11-13,True
503,238,POS,1,Verifone-old,2025-11-13,False
504,238,POS,1,PAX,2025-07-31,True
505,239,POS,9,Software-QR,2023-10-24,True
506,239,QR,9,Software-QR,2023-11-10,True
507,239,POS,9,Ingenico,2023-06-30,True
508,239,POS,9,PAX,2023-09-26,True
509,239,POS,9,Verifone,2023-06-10,True
510,240,POS,7,PAX,2022-10-05,True
511,240,POS,1,PAX,2022-12-06,False
512,240,POS,1,PAX,2022-10-26,True
513,240,POS,2,Software-QR,2022-09-25,True
514,240,POS,1,Verifone,2023-02-06,True
515,240,POS,4,Verifone,2022-10-28,True
516,241,QR,7,Software-QR,2021-01-04,True
517,242,POS,7,Ingenico,2023-12-08,True
518,243,POS,5,Verifone,2023-08-04,True
519,243,POS,5,Ingenico,2023-07-05,True
520,243,POS,5,PAX,2023-05-30,True
521,243,POS,5,Ingenico,2023-05-23,False
522,244,POS,10,Verifone-old,2023-06-28,True
523,245,POS,1,Software-QR,2024-03-25,True
524,246,POS,11,Ingenico,2025-04-30,False
525,247,ECOM,7,Ingenico,2021-04-05,True
526,247,POS,7,Verifone-old,2020-12-31,True
527,247,POS,7,Software-QR,2021-01-25,True
528,247,ECOM,7,PAX,2020-12-21,True
529,247,POS,7,PAX,2021-03-24,True
530,248,ECOM,9,Verifone,2022-09-27,True
531,249,ECOM,6,Verifone,2024-05-29,True
532,249,POS,6,PAX,2024-04-05,True
533,250,QR,10,Ingenico,2025-03-16,True
534,250,ECOM,10,Software-QR,2024-12-23,True
535,251,POS,14,Software-QR,2024-12-20,True
536,252,QR,3,Ingenico,2024-10-24,False
537,253,QR,9,PAX,2025-01-31,True
538,253,POS,9,PAX,2024-12-21,True
539,253,POS,9,Ingenico,2025-05-22,True
540,253,POS,9,Software-QR,2024-12-26,True
541,253,POS,9,PAX,2025-04-09,True
542,254,POS,7,Verifone-old,2025-11-01,True
543,255,POS,3,Ingenico,2024-01-01,True
544,256,QR,11,Software-QR,2021-11-14,True
545,257,POS,2,Ingenico,2023-06-04,True
546,258,POS,5,PAX,2024-08-08,True
547,259,POS,1,Verifone,2020-08-10,True
548,259,POS,1,PAX,2021-01-06,True
549,260,ECOM,1,Ingenico,2024-08-25,True
550,261,POS,10,PAX,2023-04-17,True
551,262,POS,2,PAX,2025-11-02,True
552,263,QR,2,Verifone,2021-07-11,True
553,263,POS,2,PAX,2021-07-19,True
554,264,POS,1,Verifone-old,2025-09-21,True
555,264,QR,1,Ingenico,2025-08-19,True
556,265,POS,3,PAX,2022-08-23,True
557,265,ECOM,3,PAX,2022-09-01,False
558,266,POS,9,Verifone,2023-07-10,True
559,266,POS,9,Verifone,2023-10-04,True
560,266,POS,9,Software-QR,2023-04-21,True
561,266,POS,9,Verifone,2023-09-22,True
562,267,POS,11,PAX,2024-03-09,True
563,268,POS,1,Ingenico,2023-05-26,False
564,269,QR,5,Ingenico,2025-06-16,True
565,269,POS,5,Verifone,2025-03-19,True
566,269,POS,5,PAX,2025-05-01,True
567,269,POS,5,Ingenico,2025-07-28,True
568,270,POS,3,Ingenico,2021-04-03,True
569,271,POS,5,PAX,2024-08-09,True
570,271,POS,5,PAX,2024-04-21,True
571,271,POS,5,Verifone,2024-09-16,True
572,271,POS,5,Ingenico,2024-03-19,True
573,271,QR,5,Software-QR,2024-04-16,True
574,272,POS,3,Software-QR,2025-09-18,True
575,273,POS,2,Verifone,2021-05-24,True
576,274,POS,3,PAX,2021-08-15,True
577,275,POS,5,Software-QR,2023-04-07,True
578,276,ECOM,3,PAX,2024-03-27,False
579,276,ECOM,3,Software-QR,2024-09-08,False
580,276,ECOM,3,Ingenico,2024-03-30,True
581,277,QR,3,Ingenico,2025-08-07,True
582,278,POS,9,PAX,2024-08-24,True
583,278,POS,9,Software-QR,2024-09-17,True
584,278,POS,12,Verifone,2025-01-28,True
585,278,POS,14,PAX,2024-11-20,True
586,278,POS,6,Verifone,2024-11-14,False
587,278,POS,9,PAX,2024-10-29,True
588,278,POS,13,Software-QR,2025-01-19,True
589,279,POS,7,Verifone,2025-01-31,True
590,280,QR,2,Ingenico,2022-08-17,True
591,281,POS,9,PAX,2024-01-20,True
592,282,POS,10,Ingenico,2021-07-03,True
593,283,POS,1,Ingenico,2022-09-10,True
594,283,POS,1,Verifone,2022-11-17,True
595,284,POS,5,Ingenico,2021-04-24,True
596,285,POS,1,Verifone,2020-04-10,True
597,286,ECOM,7,Verifone,2024-12-15,True
598,286,POS,7,Software-QR,2025-01-31,True
599,286,ECOM,7,Ingenico,2025-04-09,True
600,287,QR,1,PAX,2024-12-11,True
601,287,QR,1,Verifone,2025-02-28,True
602,287,POS,1,Ingenico,2025-01-01,True
603,287,POS,1,Verifone,2024-11-02,True
604,287,POS,1,Ingenico,2025-02-21,True
605,287,QR,1,Verifone-old,2025-01-12,True
606,288,ECOM,6,Ingenico,2023-06-19,True
607,289,QR,1,Ingenico,2020-07-28,True
608,289,POS,1,PAX,2020-07-21,True
609,289,POS,1,Verifone-old,2020-07-26,True
610,289,POS,1,Software-QR,2020-07-09,True
611,290,QR,4,PAX,2020-11-12,True
612,291,POS,12,Ingenico,2020-11-02,True
613,292,POS,2,Ingenico,2024-03-17,True
614,292,POS,2,PAX,2024-06-11,True
615,292,POS,2,Software-QR,2024-08-12,True
616,292,POS,2,Software-QR,2024-04-11,True
617,292,POS,2,Ingenico,2024-02-25,True
618,292,POS,2,Ingenico,2024-05-13,True
619,292,POS,2,PAX,2024-04-03,True
620,293,ECOM,10,Software-QR,2021-05-26,True
621,294,POS,14,Software-QR,2021-10-26,True
622,295,QR,10,Verifone-old,2025-05-19,True
623,296,ECOM,1,Verifone-old,2025-01-31,True
624,297,POS,9,Software-QR,2024-05-22,True
625,297,POS,9,Software-QR,2024-08-07,True
626,297,POS,9,Ingenico,2024-06-25,True
627,297,POS,9,Verifone,2024-07-17,True
628,297,POS,9,Verifone,2024-08-31,True
629,297,POS,9,Verifone,2024-12-03,True
630,298,QR,1,Software-QR,2022-04-08,True
631,299,POS,2,PAX,2023-11-13,True
632,300,POS,10,Software-QR,2021-07-23,True
633,301,POS,6,Ingenico,2025-06-16,True
634,301,POS,6,PAX,2025-04-15,True
635,302,POS,4,Verifone,2020-08-29,True
636,302,POS,4,Verifone,2020-12-06,True
637,302,POS,4,Verifone,2020-09-22,True
638,302,POS,4,Software-QR,2020-08-08,True
639,303,POS,2,Ingenico,2024-07-30,True
640,304,POS,9,Ingenico,2023-01-17,True
641,305,POS,7,Verifone,2024-05-20,True
642,306,POS,3,Verifone,2022-12-28,True
643,306,POS,3,Verifone,2022-12-12,False
644,307,ECOM,11,PAX,2020-12-09,False
645,308,POS,1,Ingenico,2024-10-12,True
646,308,POS,1,PAX,2024-10-24,True
647,308,POS,1,Verifone,2024-11-02,True
648,309,POS,1,PAX,2024-01-07,True
649,310,POS,6,Verifone,2022-12-14,True
650,310,POS,6,PAX,2022-10-14,True
651,311,POS,13,Verifone,2022-06-22,True
652,312,ECOM,1,Verifone,2022-03-05,True
653,313,POS,1,Ingenico,2022-12-30,True
654,313,POS,1,Ingenico,2023-04-10,True
655,314,POS,1,Verifone,2021-08-23,True
656,314,POS,1,Verifone-old,2021-08-21,True
657,315,POS,10,Verifone,2021-11-09,True
658,315,QR,10,Verifone,2021-10-23,True
659,316,QR,1,PAX,2022-01-04,True
660,317,POS,3,Software-QR,2020-05-06,True
661,317,ECOM,3,Verifone,2020-07-23,True
662,317,POS,3,Verifone-old,2020-05-06,True
663,318,POS,14,PAX,2025-07-19,True
664,318,POS,14,Software-QR,2025-08-22,True
665,318,POS,14,Verifone,2025-09-22,True
666,318,QR,14,Verifone,2025-05-10,True
667,319,POS,1,PAX,2021-05-25,True
668,319,POS,1,Ingenico,2021-06-20,True
669,320,POS,4,PAX,2021-03-02,True
670,320,POS,4,Ingenico,2021-02-11,True
671,320,POS,4,Ingenico,2021-04-06,True
672,321,ECOM,4,Verifone,2021-05-30,True
673,322,POS,9,PAX,2025-12-26,False
674,323,POS,2,PAX,2022-10-26,True
675,324,POS,2,Ingenico,2022-05-11,True
676,325,POS,1,Verifone-old,2022-11-10,True
677,326,POS,7,Ingenico,2020-09-13,True
678,327,POS,8,Ingenico,2022-05-05,True
679,327,POS,8,Ingenico,2022-01-05,True
680,327,POS,8,Ingenico,2021-12-30,True
681,327,POS,8,Verifone,2021-12-01,True
682,328,POS,1,Ingenico,2021-10-26,True
683,329,POS,2,Verifone,2024-08-28,True
684,330,QR,11,Ingenico,2020-08-11,True
685,331,POS,1,Ingenico,2022-12-16,True
686,332,POS,1,Software-QR,2024-09-11,True
687,333,QR,4,Software-QR,2024-12-24,True
688,333,POS,4,PAX,2025-04-13,True
689,333,POS,4,Verifone,2024-12-27,True
690,333,POS,4,Verifone,2025-02-24,True
691,333,QR,4,Verifone,2025-01-22,True
692,334,POS,2,PAX,2022-12-12,True
693,334,QR,2,Software-QR,2022-12-30,True
694,334,POS,2,PAX,2023-03-18,False
695,335,POS,1,PAX,2021-08-01,True
696,335,POS,1,Ingenico,2021-10-10,True
697,336,POS,3,Verifone,2022-02-21,True
698,337,QR,1,Verifone,2021-07-23,True
699,338,POS,4,Verifone,2024-03-27,True
700,338,POS,4,Software-QR,2023-11-11,True
701,339,QR,7,Ingenico,2021-11-23,False
702,340,ECOM,5,Software-QR,2023-10-02,True
703,340,ECOM,5,PAX,2023-11-12,True
704,340,POS,5,PAX,2023-10-15,False
705,340,ECOM,5,PAX,2023-11-13,True
706,341,POS,1,Ingenico,2023-12-09,True
707,342,QR,10,Ingenico,2025-07-22,True
708,343,POS,1,Verifone-old,2022-05-03,True
709,344,POS,8,PAX,2026-01-18,True
710,345,POS,2,PAX,2022-04-30,False
711,346,POS,8,PAX,2024-04-22,True
712,347,POS,1,PAX,2024-03-04,True
713,348,POS,1,Ingenico,2024-09-13,True
714,348,POS,1,Ingenico,2025-01-03,False
715,349,POS,3,PAX,2023-02-25,True
716,349,POS,3,Verifone,2023-03-08,True
717,349,POS,3,Ingenico,2023-01-08,True
718,350,POS,1,Ingenico,2024-12-01,True
719,351,POS,1,Ingenico,2022-02-07,True
720,352,POS,7,Ingenico,2023-05-05,False
721,353,POS,10,Verifone,2022-11-25,True
722,354,POS,1,Verifone,2024-06-28,True
723,355,POS,11,PAX,2023-12-20,True
724,356,POS,9,Verifone,2020-06-14,True
725,357,POS,10,Verifone,2024-11-19,True
726,358,POS,6,Verifone,2024-10-17,True
727,358,POS,6,PAX,2024-08-10,True
728,359,POS,6,Ingenico,2020-11-20,True
729,360,ECOM,4,Ingenico,2025-12-11,True
730,360,POS,4,PAX,2025-09-17,True
731,360,POS,4,Software-QR,2025-12-07,True
732,361,ECOM,13,PAX,2023-11-08,True
733,361,POS,6,Software-QR,2024-01-21,True
734,361,ECOM,5,Verifone,2023-11-14,True
735,361,ECOM,6,Verifone,2023-12-04,True
736,361,POS,12,Software-QR,2023-11-25,True
737,361,ECOM,13,Verifone,2024-02-05,True
738,361,ECOM,6,Verifone,2024-04-05,True
739,361,ECOM,6,Ingenico,2023-11-29,True
740,362,POS,11,Ingenico,2020-10-19,True
741,362,POS,11,PAX,2020-10-12,True
742,362,POS,11,PAX,2021-01-12,True
743,362,QR,11,PAX,2020-12-24,True
744,363,POS,1,Ingenico,2023-04-07,True
745,363,QR,1,PAX,2022-11-08,True
746,363,POS,1,Ingenico,2023-04-15,False
747,364,QR,2,PAX,2025-05-03,True
748,364,POS,2,PAX,2025-04-06,True
749,364,POS,2,PAX,2024-12-11,True
750,364,POS,2,Verifone,2025-02-10,True
751,364,POS,2,Verifone,2025-04-18,True
752,364,POS,2,Ingenico,2025-03-11,True
753,365,POS,1,Verifone-old,2021-10-21,True
754,366,ECOM,12,Ingenico,2025-08-08,True
755,367,POS,3,PAX,2022-09-17,True
756,367,POS,3,Ingenico,2022-05-30,True
757,368,POS,6,Verifone,2021-09-08,True
758,369,POS,10,Verifone,2022-02-15,True
759,369,POS,10,PAX,2022-05-19,True
760,370,ECOM,14,Verifone,2023-07-06,True
761,371,POS,1,Verifone,2024-07-02,True
762,372,POS,9,PAX,2025-09-08,True
763,373,POS,11,Verifone,2021-08-25,True
764,373,POS,11,Ingenico,2021-03-19,True
765,374,POS,1,PAX,2026-01-07,True
766,375,POS,7,Ingenico,2023-05-15,False
767,376,QR,2,Software-QR,2021-04-02,True
768,377,ECOM,6,Verifone-old,2025-07-22,True
769,377,ECOM,6,Ingenico,2025-08-13,False
770,377,POS,6,PAX,2025-08-02,True
771,378,POS,4,Verifone,2022-07-07,True
772,379,ECOM,14,PAX,2023-12-11,True
773,379,ECOM,1,Verifone-old,2023-09-16,True
774,379,ECOM,1,PAX,2023-12-23,False
775,380,POS,1,Ingenico,2024-02-14,True
776,380,QR,1,Verifone,2024-07-19,True
777,380,QR,1,PAX,2024-02-25,False
778,380,QR,1,PAX,2024-02-21,True
779,381,POS,1,Verifone,2020-06-16,True
780,381,POS,1,Verifone,2020-07-30,True
781,382,ECOM,1,PAX,2021-04-26,False
782,382,ECOM,1,Ingenico,2021-06-18,True
783,383,POS,6,Software-QR,2024-04-20,True
784,383,QR,6,Verifone,2024-01-03,True
785,383,POS,6,Ingenico,2024-01-02,True
786,384,POS,2,Verifone,2021-12-26,True
787,385,POS,1,Verifone-old,2020-06-23,True
788,385,ECOM,1,PAX,2020-05-08,False
789,385,ECOM,1,Software-QR,2020-05-05,True
790,386,POS,6,PAX,2020-08-25,True
791,386,POS,6,Verifone,2020-05-31,True
792,386,POS,6,Verifone-old,2020-08-23,False
793,386,POS,6,PAX,2020-04-22,True
794,387,POS,6,Verifone,2024-12-18,True
795,388,POS,4,PAX,2021-02-10,True
796,389,POS,12,Verifone,2020-08-23,True
797,390,POS,2,Verifone,2023-10-06,True
798,391,POS,10,PAX,2020-09-20,False
799,392,POS,1,PAX,2023-10-17,False
800,392,QR,1,Verifone,2024-01-29,True
801,392,QR,1,Ingenico,2023-11-12,True
802,392,POS,1,PAX,2023-11-08,False
803,393,POS,7,Software-QR,2023-07-01,True
804,393,POS,7,Ingenico,2023-07-23,True
805,393,POS,7,Ingenico,2023-09-01,False
806,393,QR,7,PAX,2023-08-15,True
807,393,POS,7,Verifone-old,2023-04-18,False
808,393,POS,7,PAX,2023-08-15,True
809,393,POS,7,Ingenico,2023-05-26,True
810,394,POS,14,PAX,2024-03-15,True
811,395,POS,10,Software-QR,2022-12-21,True
812,395,POS,10,Verifone,2023-02-13,True
813,395,POS,10,Ingenico,2022-12-26,True
814,396,POS,5,Verifone,2024-10-20,True
815,396,POS,5,Verifone-old,2024-07-11,True
816,396,POS,5,Verifone,2024-10-12,True
817,396,QR,5,PAX,2024-10-06,False
818,397,POS,5,Verifone,2024-01-17,True
819,397,POS,5,Software-QR,2023-10-07,True
820,398,POS,2,Verifone,2022-10-13,True
821,399,POS,6,Ingenico,2020-03-09,True
822,399,POS,6,PAX,2020-06-08,True
823,399,POS,6,Ingenico,2020-07-04,True
824,399,POS,6,Ingenico,2020-04-30,False
825,399,POS,6,Verifone,2020-08-17,True
826,400,POS,8,Software-QR,2021-11-12,True
827,400,POS,8,PAX,2021-09-17,True
828,401,POS,14,Verifone,2021-04-18,True
829,401,POS,14,PAX,2021-01-14,True
830,401,POS,14,Ingenico,2021-04-20,True
831,402,POS,3,Software-QR,2020-06-17,False
832,403,POS,1,Verifone-old,2021-08-04,True
833,404,POS,5,Verifone-old,2021-07-14,True
834,405,POS,1,Verifone,2020-11-02,True
835,406,POS,1,PAX,2021-11-16,True
836,406,POS,1,Ingenico,2022-04-22,True
837,407,POS,2,Software-QR,2023-06-14,True
838,407,POS,2,Software-QR,2022-12-27,True
839,408,POS,7,Software-QR,2021-02-07,True
840,409,POS,1,Verifone,2021-08-25,True
841,410,POS,1,Ingenico,2020-02-24,False
842,411,POS,1,Verifone,2020-08-25,True
843,412,QR,10,Ingenico,2020-12-16,True
844,412,POS,10,Ingenico,2021-01-04,True
845,412,POS,10,Verifone,2021-04-04,True
846,413,POS,6,Verifone,2022-12-09,True
847,414,POS,1,Verifone,2024-01-03,True
848,415,POS,1,Software-QR,2024-11-24,True
849,415,POS,1,PAX,2024-12-01,True
850,416,POS,5,Software-QR,2023-09-28,True
851,417,POS,1,Verifone,2023-09-11,True
852,417,POS,1,PAX,2023-12-08,True
853,418,POS,5,Software-QR,2025-07-10,True
854,419,POS,3,Ingenico,2021-08-06,True
855,419,QR,3,Ingenico,2021-12-08,True
856,419,POS,3,Ingenico,2021-11-11,True
857,419,QR,3,Verifone,2021-08-17,False
858,419,POS,3,Ingenico,2021-12-26,True
859,419,POS,3,PAX,2021-07-10,True
860,420,ECOM,11,Ingenico,2025-01-08,False
861,421,POS,1,Software-QR,2025-10-29,False
862,421,POS,1,Verifone,2025-10-25,True
863,422,POS,6,PAX,2023-09-14,True
864,423,QR,1,Software-QR,2025-04-12,True
865,424,POS,12,Ingenico,2020-12-25,True
866,424,POS,12,PAX,2020-11-16,True
867,425,QR,14,Software-QR,2025-07-21,False
868,425,POS,14,PAX,2025-03-11,True
869,426,POS,7,Software-QR,2023-05-11,True
870,426,POS,7,Software-QR,2023-05-30,True
871,426,POS,7,PAX,2023-08-14,False
872,426,POS,7,PAX,2023-04-03,False
873,426,QR,7,PAX,2023-07-18,True
874,426,POS,7,PAX,2023-10-04,True
875,427,POS,3,Ingenico,2021-05-23,True
876,428,POS,1,Software-QR,2020-07-08,False
877,429,POS,9,Verifone-old,2024-04-11,True
878,429,POS,9,Verifone,2024-02-20,False
879,430,QR,7,Software-QR,2022-10-09,True
880,431,POS,1,PAX,2021-10-20,True
881,432,POS,3,PAX,2022-09-22,False
882,432,QR,3,Verifone,2022-07-18,True
883,432,POS,3,Verifone-old,2022-05-17,True
884,432,QR,3,PAX,2022-06-23,False
885,432,POS,3,Software-QR,2022-05-21,False
886,432,POS,3,PAX,2022-05-01,True
887,432,QR,3,PAX,2022-07-18,True
888,433,POS,3,PAX,2026-01-31,True
889,433,POS,3,Software-QR,2025-11-01,True
890,433,POS,3,Verifone,2025-10-13,True
891,434,POS,10,PAX,2022-07-30,True
892,435,QR,2,PAX,2020-12-05,False
893,435,POS,12,Ingenico,2020-09-26,True
894,435,POS,6,Ingenico,2020-10-19,True
895,435,QR,6,Verifone,2020-11-02,True
896,435,POS,6,Ingenico,2020-12-20,True
897,435,POS,6,Ingenico,2020-10-27,True
898,436,POS,6,Software-QR,2021-11-27,True
899,437,POS,6,PAX,2020-11-19,True
900,437,POS,6,PAX,2021-03-28,True
901,438,POS,1,Verifone,2024-03-23,False
902,438,POS,1,Verifone,2024-05-29,False
903,438,POS,1,PAX,2023-12-26,True
904,438,POS,1,Verifone-old,2024-06-16,True
905,439,QR,2,Verifone-old,2024-09-24,False
906,440,POS,1,Ingenico,2025-01-09,True
907,440,POS,1,Verifone,2025-03-23,True
908,440,POS,1,Ingenico,2025-02-10,True
909,441,POS,8,Ingenico,2024-01-07,True
910,442,POS,3,Ingenico,2024-07-07,True
911,442,QR,3,Verifone-old,2024-10-22,True
912,443,QR,3,Verifone,2022-08-18,True
913,444,POS,1,PAX,2024-01-15,True
914,444,QR,1,Verifone,2023-09-18,True
915,444,POS,1,Software-QR,2023-09-25,True
916,445,POS,1,PAX,2020-08-14,True
917,445,POS,1,Verifone,2020-11-01,True
918,446,POS,5,Ingenico,2023-03-24,True
919,447,POS,1,Ingenico,2023-04-04,True
920,448,POS,1,Verifone-old,2020-09-16,True
921,449,POS,8,Software-QR,2023-03-22,True
922,449,POS,8,Verifone,2023-06-09,True
923,449,POS,8,PAX,2023-05-10,True
924,450,POS,2,Verifone,2024-05-27,True
925,451,POS,2,Verifone,2022-07-09,True
926,452,POS,3,Verifone-old,2023-08-08,True
927,453,POS,9,PAX,2021-09-07,True
928,453,POS,9,PAX,2021-09-09,True
929,454,POS,2,Ingenico,2021-12-25,True
930,455,POS,7,Ingenico,2020-12-08,True
931,455,POS,7,Ingenico,2020-10-25,True
932,455,POS,7,PAX,2020-10-28,True
933,455,POS,7,PAX,2021-04-07,True
934,455,POS,7,PAX,2021-03-19,True
935,456,POS,12,Software-QR,2022-01-19,True
936,457,POS,6,PAX,2025-01-30,True
937,457,POS,6,Software-QR,2024-09-14,True
938,457,QR,6,Verifone,2024-10-10,True
939,458,QR,3,Ingenico,2025-09-23,True
940,458,POS,3,Verifone,2025-11-24,True
941,458,POS,3,Ingenico,2025-09-07,True
942,458,POS,3,Verifone,2025-10-27,True
943,458,POS,3,PAX,2025-07-06,True
944,459,POS,7,Verifone,2023-12-04,True
945,460,POS,3,Ingenico,2023-08-12,True
946,460,POS,3,PAX,2023-11-14,True
947,460,POS,3,Ingenico,2023-11-13,True
948,461,POS,3,PAX,2023-07-26,True
949,462,POS,4,Ingenico,2023-02-20,True
950,462,POS,4,Ingenico,2023-03-13,False
951,463,POS,2,PAX,2022-09-18,False
952,464,POS,1,Software-QR,2023-11-01,True
953,465,QR,3,Ingenico,2024-08-08,True
954,465,QR,3,PAX,2024-08-01,True
955,465,POS,3,Ingenico,2024-11-01,True
956,465,POS,3,PAX,2024-12-08,True
957,466,POS,1,Verifone,2022-07-07,True
958,466,QR,1,Verifone,2022-11-15,True
959,466,POS,1,Software-QR,2022-11-01,True
960,467,POS,2,Verifone,2023-10-06,True
961,468,POS,5,Ingenico,2022-12-06,True
962,469,POS,12,PAX,2022-01-23,False
963,469,POS,12,Ingenico,2022-02-01,True
964,469,POS,12,Ingenico,2021-11-01,True
965,470,QR,1,Ingenico,2022-01-17,True
966,471,ECOM,5,PAX,2020-09-08,True
967,471,POS,5,Ingenico,2020-07-31,True
968,472,POS,3,Ingenico,2022-10-03,True
969,473,POS,1,Verifone,2024-07-11,True
970,473,POS,1,Ingenico,2024-02-17,True
971,473,POS,1,PAX,2024-08-02,True
972,473,POS,1,Software-QR,2024-02-14,True
973,474,POS,1,Verifone,2024-05-04,True
974,475,POS,1,Ingenico,2025-11-15,True
975,476,POS,1,Software-QR,2020-03-28,True
976,476,POS,1,Verifone,2020-09-18,True
977,476,POS,1,Ingenico,2020-04-13,True
978,476,POS,1,Ingenico,2020-06-26,True
979,476,POS,1,PAX,2020-10-07,True
980,476,POS,1,Verifone,2020-08-31,True
981,476,POS,1,Ingenico,2020-09-17,True
982,477,POS,1,Ingenico,2024-11-24,True
983,478,POS,2,PAX,2024-09-18,True
984,478,QR,2,Ingenico,2024-11-07,True
985,479,POS,4,Ingenico,2022-12-31,True
986,479,POS,4,Ingenico,2022-10-16,True
987,479,POS,4,Verifone-old,2022-10-12,True
988,479,POS,4,PAX,2022-11-24,True
989,480,ECOM,1,Verifone,2022-02-02,True
990,480,POS,1,Ingenico,2022-02-20,True
991,481,POS,1,PAX,2022-06-08,True
992,481,ECOM,1,PAX,2022-06-14,True
993,481,ECOM,1,Verifone,2022-04-20,True
994,482,POS,1,Ingenico,2023-12-10,True
995,482,POS,1,Verifone,2024-04-14,True
996,482,POS,1,Software-QR,2024-01-05,True
997,482,POS,1,Ingenico,2024-06-15,True
998,483,QR,4,Verifone,2025-04-19,True
999,484,POS,2,Ingenico,2023-12-03,True
1000,485,POS,4,Software-QR,2023-04-21,True
1001,486,ECOM,1,Ingenico,2023-11-09,True
1002,487,POS,1,Software-QR,2020-08-29,True
1003,488,POS,12,Ingenico,2023-07-29,True
1004,489,POS,1,PAX,2020-06-24,False
1005,489,POS,1,Verifone,2020-05-09,True
1006,490,POS,1,PAX,2025-12-01,True
1007,491,POS,1,Verifone,2025-05-23,True
1008,491,POS,1,Verifone,2025-04-30,True
1009,491,POS,1,PAX,2025-04-20,True
1010,491,POS,1,PAX,2025-07-14,True
1011,492,POS,14,PAX,2023-01-14,True
1012,492,POS,14,Verifone,2023-04-08,True
1013,492,POS,14,PAX,2023-05-29,True
1014,492,POS,14,Verifone,2023-03-08,True
1015,492,POS,14,Software-QR,2022-12-04,True
1016,493,POS,5,PAX,2022-02-26,False
1017,494,POS,5,Verifone,2024-09-06,True
1018,494,POS,5,Ingenico,2024-07-15,True
1019,494,POS,5,Verifone,2024-05-08,True
1020,495,POS,14,Ingenico,2024-01-23,True
1021,495,POS,14,PAX,2023-11-24,True
1022,495,POS,14,Ingenico,2024-03-15,True
1023,495,POS,14,Software-QR,2023-09-19,True
1024,496,POS,1,Verifone,2024-03-09,True
1025,496,POS,1,PAX,2024-03-22,True
1026,496,POS,1,Ingenico,2024-04-29,True
1027,497,POS,13,Software-QR,2023-06-07,True
1028,498,POS,1,Software-QR,2021-07-30,True
1029,498,QR,1,Ingenico,2021-07-08,True
1030,498,POS,1,Verifone,2021-05-12,True
1031,499,POS,5,PAX,2020-11-20,True
1032,499,POS,5,Ingenico,2020-07-04,True
1033,499,POS,5,Verifone,2020-12-06,True
1034,499,POS,5,PAX,2020-07-12,True
1035,499,POS,5,Ingenico,2020-09-11,True
1036,499,POS,5,PAX,2020-10-23,False
1037,500,POS,3,PAX,2021-10-28,True
1038,501,POS,2,PAX,2023-01-31,True
1039,502,ECOM,12,PAX,2022-11-10,True
1040,502,POS,12,Verifone,2022-06-29,True
1041,502,QR,12,Software-QR,2022-09-20,False
1042,502,ECOM,12,Verifone,2022-07-21,True
1043,502,ECOM,12,PAX,2022-07-26,True
1044,502,ECOM,12,Ingenico,2022-12-02,True
1045,502,ECOM,7,Ingenico,2022-12-14,True
1046,502,ECOM,3,Software-QR,2022-12-02,False
1047,503,QR,1,Verifone,2023-03-14,True
1048,504,POS,14,Ingenico,2022-01-23,True
1049,504,POS,14,Software-QR,2021-08-31,True
1050,504,POS,14,Ingenico,2021-10-25,True
1051,505,POS,2,PAX,2025-09-09,True
1052,505,POS,2,Ingenico,2025-11-11,True
1053,505,POS,2,Verifone,2025-07-05,True
1054,505,POS,2,PAX,2025-11-17,True
1055,506,QR,12,Verifone-old,2022-03-05,True
1056,506,POS,6,Verifone-old,2022-02-11,True
1057,506,POS,10,PAX,2022-04-01,False
1058,506,POS,6,PAX,2022-04-09,True
1059,506,POS,6,Verifone-old,2022-04-06,True
1060,506,POS,6,Software-QR,2022-04-18,True
1061,506,QR,6,Verifone-old,2022-08-12,True
1062,507,POS,13,Verifone,2025-05-20,True
1063,507,POS,13,PAX,2025-04-10,True
1064,508,POS,1,Verifone,2022-09-15,True
1065,508,QR,1,Software-QR,2022-09-25,True
1066,508,POS,1,PAX,2022-08-07,True
1067,509,POS,11,PAX,2022-10-18,True
1068,509,QR,11,PAX,2022-09-26,False
1069,509,POS,11,Verifone,2022-08-05,True
1070,510,POS,5,Ingenico,2023-06-30,True
1071,511,POS,7,Verifone,2021-10-11,True
1072,511,POS,7,PAX,2021-12-15,True
1073,512,POS,1,Ingenico,2021-09-07,True
1074,513,POS,5,Ingenico,2022-03-28,False
1075,513,POS,4,Ingenico,2022-06-15,True
1076,513,POS,4,Ingenico,2022-08-25,True
1077,513,POS,4,PAX,2022-07-07,True
1078,513,QR,5,Ingenico,2022-06-20,False
1079,513,POS,4,Software-QR,2022-04-23,True
1080,514,QR,6,Software-QR,2024-11-27,True
1081,514,POS,6,PAX,2024-12-10,True
1082,514,POS,6,Verifone,2024-11-30,False
1083,515,POS,3,Ingenico,2021-03-01,True
1084,516,POS,1,Software-QR,2022-10-09,True
1085,517,POS,1,Software-QR,2024-02-21,True
1086,517,POS,1,Verifone,2024-02-06,True
1087,518,POS,10,PAX,2024-05-22,False
1088,518,POS,10,PAX,2024-06-24,True
1089,518,POS,10,Ingenico,2024-07-22,True
1090,519,POS,1,Software-QR,2022-07-09,True
1091,519,POS,1,Ingenico,2022-07-18,True
1092,519,POS,1,PAX,2023-01-11,True
1093,520,POS,7,Software-QR,2021-01-04,True
1094,521,POS,14,Software-QR,2020-03-07,True
1095,522,ECOM,1,Verifone,2023-02-13,True
1096,523,POS,1,PAX,2024-10-08,True
1097,524,POS,6,Ingenico,2020-05-17,True
1098,525,POS,1,Verifone,2025-02-20,True
1099,526,POS,5,PAX,2024-04-07,True
1100,527,POS,6,PAX,2020-02-08,True
1101,528,POS,5,Ingenico,2022-03-08,False
1102,528,QR,5,Verifone-old,2022-07-07,True
1103,529,QR,2,PAX,2021-06-06,True
1104,530,POS,6,Software-QR,2025-07-21,True
1105,531,POS,5,Ingenico,2023-06-22,True
1106,531,POS,5,Ingenico,2023-04-20,True
1107,531,QR,5,Verifone-old,2023-06-27,True
1108,531,POS,5,Ingenico,2023-05-09,True
1109,531,POS,5,Software-QR,2023-08-27,True
1110,531,POS,5,Ingenico,2023-08-17,True
1111,532,POS,1,Software-QR,2022-04-03,True
1112,533,ECOM,5,Software-QR,2022-02-05,True
1113,533,POS,5,PAX,2021-10-11,True
1114,533,QR,5,Verifone,2021-11-26,True
1115,534,POS,11,Ingenico,2023-07-31,True
1116,535,POS,6,Ingenico,2020-03-07,True
1117,535,POS,6,PAX,2020-02-09,True
1118,536,POS,3,PAX,2021-09-28,True
1119,536,POS,3,Ingenico,2021-08-29,True
1120,536,QR,3,PAX,2021-07-26,True
1121,536,POS,3,Software-QR,2021-07-08,True
1122,536,POS,3,PAX,2021-07-23,True
1123,537,POS,2,PAX,2021-05-03,True
1124,538,QR,1,Ingenico,2023-12-08,False
1125,539,QR,1,Verifone,2023-11-20,True
1126,539,POS,1,PAX,2024-04-21,True
1127,540,POS,1,Ingenico,2023-02-18,True
1128,540,POS,1,Ingenico,2022-10-20,False
1129,540,POS,1,Ingenico,2022-09-17,True
1130,541,POS,14,PAX,2021-01-07,True
1131,542,POS,1,Ingenico,2022-03-29,True
1132,543,QR,9,Ingenico,2025-05-08,True
1133,544,QR,1,Software-QR,2021-04-27,True
1134,544,POS,1,Ingenico,2021-04-30,True
1135,544,QR,1,PAX,2021-06-20,True
1136,544,POS,1,Ingenico,2021-08-29,True
1137,544,POS,1,Software-QR,2021-07-06,True
1138,544,POS,1,Ingenico,2021-06-18,True
1139,545,POS,1,Verifone-old,2021-01-08,True
1140,545,POS,1,Software-QR,2021-05-29,True
1141,545,POS,1,Verifone,2021-03-18,True
1142,546,POS,3,Ingenico,2021-01-20,True
1143,546,POS,3,Verifone,2020-11-02,True
1144,546,POS,3,PAX,2020-12-30,True
1145,546,POS,3,PAX,2020-10-14,True
1146,547,ECOM,2,Verifone,2024-10-01,True
1147,548,QR,9,Verifone-old,2021-01-10,True
1148,549,POS,12,Software-QR,2023-11-21,True
1149,550,POS,10,Ingenico,2025-11-13,True
1150,551,POS,1,Ingenico,2024-02-14,False
1151,551,QR,1,Software-QR,2024-01-11,True
1152,551,POS,1,Ingenico,2023-10-31,True
1153,551,POS,1,Ingenico,2024-03-06,True
1154,552,POS,8,Software-QR,2022-07-14,True
1155,553,POS,1,Verifone,2021-08-12,True
1156,553,POS,1,PAX,2021-05-19,True
1157,553,POS,1,Ingenico,2021-06-21,True
1158,553,POS,1,PAX,2021-09-05,True
1159,553,POS,1,Verifone-old,2021-03-28,True
1160,554,ECOM,11,Verifone,2020-06-15,True
1161,554,QR,11,Verifone,2020-05-20,False
1162,554,POS,11,Verifone,2020-04-28,True
1163,554,ECOM,11,PAX,2020-02-09,True
1164,555,POS,4,Verifone,2021-01-05,False
1165,556,QR,2,Ingenico,2025-12-18,False
1166,557,POS,1,Ingenico,2021-04-06,True
1167,558,POS,1,Ingenico,2020-05-29,True
1168,558,POS,1,PAX,2020-08-15,True
1169,558,POS,1,Ingenico,2020-08-04,True
1170,558,POS,13,Verifone-old,2020-02-26,True
1171,558,POS,4,Ingenico,2020-03-31,True
1172,558,POS,11,Verifone,2020-02-17,True
1173,558,POS,1,Software-QR,2020-04-23,True
1174,559,POS,1,PAX,2024-12-12,False
1175,559,POS,1,Ingenico,2025-03-23,True
1176,559,POS,1,Verifone,2024-10-30,False
1177,559,POS,1,PAX,2025-03-23,True
1178,560,QR,11,PAX,2022-07-14,True
1179,560,POS,11,PAX,2022-08-02,True
1180,561,POS,9,Ingenico,2022-07-08,True
1181,562,POS,13,Ingenico,2024-03-31,True
1182,562,POS,13,Software-QR,2024-03-26,True
1183,563,POS,1,Ingenico,2023-05-31,True
1184,564,POS,5,PAX,2025-08-13,True
1185,565,QR,1,Ingenico,2022-10-01,True
1186,566,POS,4,Ingenico,2024-05-24,True
1187,567,POS,2,Verifone,2025-05-13,False
1188,567,POS,8,PAX,2025-06-07,True
1189,567,POS,9,Verifone,2025-02-23,True
1190,567,POS,2,PAX,2025-07-26,False
1191,567,POS,2,Software-QR,2025-07-27,True
1192,568,POS,1,Software-QR,2023-01-03,True
1193,569,POS,5,Verifone,2021-10-17,True
1194,570,POS,1,PAX,2026-01-05,True
1195,571,POS,3,Software-QR,2021-10-09,True
1196,571,POS,3,Verifone,2021-07-14,False
1197,571,QR,3,Ingenico,2021-04-22,True
1198,571,POS,3,Software-QR,2021-05-31,True
1199,572,POS,6,Verifone,2020-09-04,True
1200,572,POS,6,PAX,2020-04-23,True
1201,573,POS,1,Ingenico,2023-05-27,True
1202,573,POS,1,Software-QR,2023-09-23,True
1203,573,POS,1,Verifone,2023-09-14,True
1204,573,POS,1,PAX,2023-04-30,True
1205,573,POS,1,PAX,2023-08-27,True
1206,573,QR,1,Ingenico,2023-06-24,True
1207,573,POS,1,PAX,2023-06-08,True
1208,574,POS,12,Verifone,2025-09-29,False
1209,574,POS,12,Software-QR,2025-12-29,True
1210,574,POS,12,Ingenico,2025-11-07,True
1211,575,POS,4,PAX,2020-09-06,True
1212,576,POS,9,PAX,2025-05-15,True
1213,577,ECOM,6,Ingenico,2025-01-21,False
1214,578,POS,7,Ingenico,2025-08-26,True
1215,579,POS,7,Ingenico,2022-10-31,True
1216,580,POS,10,Verifone-old,2021-10-25,True
1217,580,POS,10,Verifone,2021-12-20,True
1218,581,POS,5,Verifone-old,2023-03-28,True
1219,581,POS,5,PAX,2023-01-28,True
1220,582,POS,1,Ingenico,2020-12-15,True
1221,582,POS,1,PAX,2021-02-22,True
1222,583,POS,1,Software-QR,2024-12-20,True
1223,584,POS,5,PAX,2024-04-27,False
1224,585,ECOM,1,Software-QR,2023-02-17,True
1225,586,POS,1,Software-QR,2023-06-12,True
1226,586,POS,1,Verifone-old,2023-01-22,True
1227,586,QR,1,PAX,2023-05-23,True
1228,587,POS,1,Ingenico,2024-04-25,False
1229,588,POS,4,PAX,2023-04-01,True
1230,588,POS,4,Verifone,2023-06-15,True
1231,589,POS,1,Verifone,2025-01-16,True
1232,590,POS,5,Ingenico,2025-05-21,True
1233,591,ECOM,8,Ingenico,2025-08-11,True
1234,592,POS,9,Verifone,2023-10-27,True
1235,593,POS,2,Verifone,2024-08-18,True
1236,594,ECOM,4,Ingenico,2022-03-19,True
1237,595,POS,5,Software-QR,2020-04-25,True
1238,595,POS,5,Verifone,2020-07-30,True
1239,595,QR,5,Software-QR,2020-07-05,True
1240,596,POS,3,Ingenico,2022-10-26,True
1241,596,QR,3,Verifone-old,2022-09-20,True
1242,597,POS,6,Verifone,2025-03-03,True
1243,598,POS,1,Ingenico,2021-01-09,True
1244,598,POS,1,Ingenico,2020-12-20,True
1245,599,QR,13,Ingenico,2023-07-18,False
1246,600,POS,1,PAX,2021-05-18,True
1247,600,POS,1,Ingenico,2021-07-05,True
1248,600,QR,1,Ingenico,2021-06-10,True
1249,601,POS,10,Verifone-old,2022-07-26,True
1250,601,QR,10,Ingenico,2022-10-11,True
1251,602,POS,5,Ingenico,2021-02-12,True
1252,602,POS,5,Verifone,2021-04-26,True
1253,602,POS,5,Verifone-old,2020-12-07,True
1254,603,ECOM,1,Verifone,2024-04-26,True
1255,604,QR,7,PAX,2025-01-27,True
1256,604,POS,7,Ingenico,2025-01-16,True
1257,604,POS,7,Ingenico,2024-09-17,True
1258,604,POS,7,Ingenico,2024-12-22,True
1259,605,QR,1,Verifone,2024-09-13,True
1260,605,POS,1,PAX,2024-09-28,True
1261,606,QR,8,PAX,2024-05-18,True
1262,606,POS,8,PAX,2024-07-05,False
1263,607,POS,5,Software-QR,2021-08-04,True
1264,608,POS,1,Verifone,2023-02-06,True
1265,609,POS,1,Software-QR,2020-08-27,True
1266,610,POS,7,PAX,2022-04-21,True
1267,611,POS,1,PAX,2023-03-22,True
1268,612,POS,11,PAX,2024-02-07,True
1269,613,QR,7,PAX,2020-08-15,True
1270,614,POS,6,Verifone-old,2024-10-25,True
1271,614,POS,6,Verifone,2025-02-26,True
1272,615,POS,1,Ingenico,2022-12-15,True
1273,616,POS,7,Verifone,2025-07-06,True
1274,616,POS,7,Ingenico,2025-05-03,True
1275,617,QR,12,Ingenico,2023-02-18,True
1276,617,POS,12,PAX,2023-05-17,True
1277,617,POS,12,Verifone-old,2023-04-06,False
1278,618,POS,1,PAX,2023-05-08,True
1279,619,POS,2,PAX,2024-04-02,True
1280,619,POS,2,PAX,2024-04-20,True
1281,620,POS,1,Verifone,2024-12-30,True
1282,620,POS,1,Software-QR,2024-12-15,True
1283,620,POS,1,Ingenico,2025-01-02,True
1284,621,POS,2,PAX,2020-12-18,True
1285,621,POS,2,Ingenico,2021-05-09,False
1286,621,POS,2,Ingenico,2021-04-15,False
1287,622,POS,7,Software-QR,2023-01-14,True
1288,622,POS,7,Software-QR,2023-05-13,True
1289,623,POS,3,Ingenico,2020-03-09,True
1290,624,POS,5,PAX,2022-12-08,True
1291,625,POS,2,Verifone-old,2025-01-29,True
1292,625,POS,2,Verifone,2025-02-16,True
1293,625,POS,2,Ingenico,2024-10-19,True
1294,625,POS,2,Verifone-old,2024-09-07,True
1295,626,ECOM,1,Verifone,2025-01-03,True
1296,626,ECOM,1,Ingenico,2025-03-29,True
1297,627,POS,1,PAX,2021-10-26,True
1298,628,POS,10,Verifone-old,2022-08-21,True
1299,629,POS,5,Verifone,2023-04-02,True
1300,630,POS,2,Ingenico,2022-06-22,True
1301,631,ECOM,8,Ingenico,2021-04-19,True
1302,632,POS,1,Software-QR,2021-10-22,False
1303,632,POS,1,Verifone,2022-03-22,True
1304,632,POS,1,Verifone,2022-02-06,True
1305,632,POS,1,PAX,2021-11-07,False
1306,632,POS,1,Ingenico,2021-10-25,True
1307,633,POS,1,Verifone,2022-10-14,True
1308,633,QR,1,Ingenico,2022-07-17,True
1309,634,POS,1,PAX,2023-02-09,False
1310,635,POS,14,Software-QR,2025-08-26,True
1311,636,POS,7,Verifone-old,2023-03-16,True
1312,637,POS,5,PAX,2022-04-22,True
1313,638,POS,1,PAX,2024-02-02,True
1314,639,QR,1,PAX,2024-07-06,False
1315,639,POS,1,Ingenico,2024-07-02,True
1316,640,POS,6,Verifone,2022-10-20,True
1317,641,POS,2,PAX,2023-04-03,True
1318,642,POS,11,Verifone-old,2021-07-11,True
1319,643,POS,8,PAX,2025-06-27,False
1320,644,QR,3,Verifone,2025-03-13,True
1321,644,POS,3,PAX,2025-06-18,True
1322,644,POS,3,Verifone,2025-05-07,True
1323,644,POS,3,PAX,2025-01-02,True
1324,644,POS,3,PAX,2025-01-29,True
1325,644,POS,3,Verifone,2025-06-25,True
1326,644,POS,3,Ingenico,2025-02-04,True
1327,645,POS,7,Software-QR,2021-01-17,True
1328,646,POS,13,Ingenico,2022-01-27,True
1329,646,POS,13,Verifone,2022-01-10,True
1330,646,POS,13,Ingenico,2021-12-30,False
1331,646,POS,13,Ingenico,2022-06-16,True
1332,647,POS,3,Verifone,2021-09-08,True
1333,648,POS,6,Software-QR,2025-09-05,True
1334,648,QR,6,PAX,2025-06-05,False
1335,649,POS,11,PAX,2020-05-20,False
1336,650,POS,1,Software-QR,2021-03-11,True
1337,650,POS,1,Verifone,2021-05-03,True
1338,650,POS,1,PAX,2021-04-18,True
1339,650,POS,1,Verifone,2021-08-18,False
1340,651,POS,11,Ingenico,2022-03-03,True
1341,651,ECOM,11,Verifone,2022-01-26,True
1342,651,ECOM,11,Ingenico,2021-10-25,True
1343,652,ECOM,1,Ingenico,2023-04-05,False
1344,652,ECOM,1,Verifone,2023-08-24,False
1345,653,POS,6,PAX,2021-10-21,True
1346,654,POS,8,Ingenico,2023-03-24,True
1347,654,POS,8,Ingenico,2023-07-22,True
1348,655,POS,5,Ingenico,2024-05-11,True
1349,656,POS,9,Ingenico,2024-11-08,True
1350,656,QR,3,Ingenico,2025-04-03,True
1351,656,POS,3,Ingenico,2024-12-25,True
1352,656,POS,3,Software-QR,2025-02-13,True
1353,656,POS,3,Software-QR,2025-04-05,True
1354,656,POS,10,Verifone,2024-10-10,True
1355,656,POS,3,PAX,2024-12-13,True
1356,656,QR,3,Ingenico,2025-04-22,True
1357,656,QR,7,Verifone,2024-12-23,True
1358,656,POS,3,PAX,2024-10-29,True
1359,656,POS,10,Verifone,2025-01-08,True
1360,657,POS,5,Ingenico,2020-08-19,True
1361,658,QR,1,PAX,2021-04-17,True
1362,659,QR,1,PAX,2020-09-04,True
1363,660,POS,1,Ingenico,2025-06-11,False
1364,661,POS,5,PAX,2024-04-11,True
1365,661,POS,5,PAX,2024-02-13,True
1366,662,POS,3,Verifone,2023-02-12,True
1367,662,ECOM,12,Ingenico,2023-05-13,True
1368,662,ECOM,3,Ingenico,2023-02-17,True
1369,662,ECOM,3,Ingenico,2023-04-29,True
1370,662,POS,10,Verifone,2023-05-30,True
1371,662,ECOM,3,Verifone,2023-01-30,True
1372,663,POS,1,PAX,2024-10-16,True
1373,663,POS,1,Ingenico,2024-08-21,True
1374,663,POS,1,PAX,2024-12-20,True
1375,663,POS,13,Verifone-old,2024-12-06,True
1376,663,POS,1,Verifone,2024-08-12,True
1377,664,POS,11,PAX,2023-10-16,True
1378,665,QR,2,PAX,2021-07-21,True
1379,666,POS,3,Ingenico,2023-04-06,True
1380,666,POS,3,Verifone,2023-05-03,True
1381,666,POS,3,Ingenico,2023-06-22,True
1382,666,POS,3,Verifone,2023-06-06,False
1383,666,POS,3,Software-QR,2022-12-26,False
1384,667,POS,2,Software-QR,2024-02-06,True
1385,667,POS,2,Ingenico,2024-07-18,True
1386,668,QR,1,Software-QR,2020-04-15,True
1387,669,POS,7,Ingenico,2023-08-21,True
1388,669,POS,7,Verifone,2023-12-02,True
1389,669,POS,7,PAX,2024-01-11,True
1390,670,POS,3,PAX,2023-05-02,True
1391,671,POS,1,PAX,2020-07-30,True
1392,671,POS,1,PAX,2020-07-19,False
1393,672,POS,13,Ingenico,2021-11-02,True
1394,672,POS,13,Verifone-old,2021-11-15,True
1395,673,POS,2,Verifone,2022-09-07,True
1396,673,QR,9,Ingenico,2023-01-23,True
1397,673,POS,9,Software-QR,2023-01-29,True
1398,673,POS,9,Ingenico,2023-02-10,True
1399,673,POS,9,Software-QR,2022-12-18,True
1400,674,POS,1,Ingenico,2021-12-21,True
1401,674,POS,5,PAX,2022-05-16,True
1402,674,POS,7,Verifone,2022-05-20,True
1403,674,POS,7,Ingenico,2022-05-21,True
1404,674,POS,9,Software-QR,2022-01-26,True
1405,674,POS,14,PAX,2022-04-21,False
1406,674,POS,7,PAX,2022-05-21,False
1407,674,POS,7,Software-QR,2022-04-14,False
1408,675,ECOM,10,PAX,2022-02-13,True
1409,675,ECOM,10,Ingenico,2021-09-13,True
1410,675,ECOM,10,Ingenico,2022-03-17,True
1411,675,ECOM,10,PAX,2021-12-12,True
1412,676,ECOM,11,Ingenico,2023-10-21,True
1413,677,ECOM,2,Ingenico,2022-07-04,True
1414,678,POS,5,PAX,2023-04-18,True
1415,679,POS,5,Software-QR,2024-08-27,True
1416,680,QR,1,PAX,2020-08-20,True
1417,681,POS,1,Ingenico,2022-06-03,True
1418,682,POS,1,Software-QR,2020-11-23,True
1419,682,POS,1,Software-QR,2020-09-01,True
1420,683,POS,6,Verifone-old,2025-05-19,True
1421,684,POS,8,Verifone,2021-07-04,True
1422,684,POS,8,Software-QR,2021-03-07,True
1423,684,POS,8,PAX,2021-07-14,True
1424,685,POS,7,Software-QR,2025-03-07,True
1425,685,POS,7,PAX,2025-03-23,True
1426,686,POS,2,Verifone,2021-04-19,True
1427,687,ECOM,1,Software-QR,2022-03-15,True
1428,688,QR,3,PAX,2023-08-19,True
1429,689,POS,4,Verifone,2025-01-05,True
1430,689,POS,4,Ingenico,2024-12-09,True
1431,689,QR,4,Ingenico,2025-02-13,True
1432,689,POS,4,Verifone,2024-11-30,True
1433,689,POS,4,Verifone,2024-10-20,True
1434,690,POS,11,Verifone,2021-03-30,True
1435,691,POS,10,Software-QR,2021-03-27,True
1436,692,POS,11,Verifone-old,2025-03-13,False
1437,692,ECOM,11,Verifone-old,2025-08-12,True
1438,692,ECOM,11,PAX,2025-06-07,True
1439,692,ECOM,11,Ingenico,2025-06-05,True
1440,692,ECOM,11,Verifone-old,2025-04-05,True
1441,693,POS,10,Verifone,2022-04-03,True
1442,693,POS,10,Verifone,2022-01-21,True
1443,693,POS,10,Software-QR,2021-11-30,True
1444,694,POS,13,PAX,2021-06-28,True
1445,695,ECOM,3,Software-QR,2024-05-17,True
1446,696,POS,1,Ingenico,2020-09-19,True
1447,696,POS,1,Software-QR,2020-11-09,True
1448,697,POS,1,Ingenico,2025-01-26,True
1449,697,POS,1,Ingenico,2025-05-30,True
1450,697,POS,1,PAX,2024-12-27,False
1451,697,QR,1,Verifone,2025-04-17,True
1452,698,POS,2,Verifone,2025-04-16,True
1453,698,POS,2,PAX,2025-03-31,True
1454,698,POS,2,Verifone,2025-05-01,True
1455,699,POS,1,PAX,2025-03-14,True
1456,699,POS,1,Software-QR,2025-02-14,False
1457,700,POS,1,PAX,2021-10-02,False
1458,701,POS,12,PAX,2020-12-14,True
1459,701,POS,12,Verifone-old,2020-10-30,True
1460,701,POS,12,PAX,2020-12-17,True
1461,701,QR,12,PAX,2021-01-26,True
1462,702,POS,1,Ingenico,2022-06-14,True
1463,702,POS,1,Ingenico,2022-06-23,False
1464,703,POS,13,Verifone,2022-06-08,False
1465,703,POS,13,Software-QR,2022-01-03,True
1466,703,POS,13,Software-QR,2022-05-02,True
1467,703,POS,13,Verifone-old,2022-02-25,True
1468,703,POS,13,Ingenico,2022-01-23,True
1469,703,POS,13,Ingenico,2022-02-27,False
1470,703,QR,13,Software-QR,2022-06-12,True
1471,704,POS,7,Software-QR,2025-11-02,True
1472,704,POS,7,Verifone,2025-09-10,True
1473,704,POS,7,PAX,2025-07-06,True
1474,705,POS,6,PAX,2023-10-12,True
1475,706,POS,6,Verifone-old,2025-09-29,True
1476,707,POS,2,Software-QR,2024-09-14,True
1477,707,POS,2,Ingenico,2024-10-01,True
1478,707,POS,2,Verifone,2024-05-11,True
1479,707,POS,2,PAX,2024-06-13,True
1480,708,POS,6,PAX,2024-04-19,True
1481,708,POS,6,Verifone,2024-06-27,True
1482,709,POS,1,Verifone-old,2021-01-18,True
1483,709,POS,1,Ingenico,2021-01-13,False
1484,709,QR,1,PAX,2020-09-20,True
1485,710,POS,12,PAX,2020-06-02,True
1486,710,POS,12,Ingenico,2020-11-25,True
1487,710,POS,12,PAX,2020-07-04,True
1488,710,QR,12,Verifone,2020-07-09,True
1489,711,POS,1,PAX,2020-08-14,True
1490,711,POS,1,PAX,2020-08-27,True
1491,712,POS,1,PAX,2023-08-24,True
1492,713,POS,7,PAX,2021-04-26,True
1493,714,ECOM,6,PAX,2025-10-15,True
1494,714,ECOM,6,Software-QR,2025-12-19,True
1495,715,QR,3,Software-QR,2021-01-18,True
1496,716,POS,6,Ingenico,2025-07-15,True
1497,717,POS,1,Ingenico,2024-01-18,True
1498,717,POS,1,Verifone,2024-01-02,True
1499,717,POS,1,PAX,2023-12-27,True
1500,718,QR,6,Ingenico,2020-10-16,False
1501,718,POS,6,PAX,2021-01-30,True
1502,718,POS,6,Verifone,2020-11-12,True
1503,719,POS,1,Verifone-old,2020-11-12,True
1504,719,POS,1,PAX,2020-06-25,True
1505,720,POS,1,Verifone-old,2022-10-10,True
1506,720,QR,1,Verifone,2022-10-23,True
1507,720,POS,1,Verifone-old,2022-10-17,True
1508,720,POS,1,PAX,2022-10-09,True
1509,721,POS,1,Verifone,2022-04-01,True
1510,721,POS,1,PAX,2022-05-30,True
1511,722,POS,2,Verifone-old,2022-02-10,True
1512,723,QR,2,Ingenico,2023-03-05,True
1513,724,POS,3,Verifone,2020-12-03,False
1514,724,QR,3,Verifone,2021-01-11,True
1515,725,QR,1,Software-QR,2020-11-05,True
1516,725,QR,1,Ingenico,2021-03-12,False
1517,726,POS,1,Verifone-old,2024-05-29,True
1518,727,POS,4,PAX,2025-11-07,True
1519,728,POS,1,PAX,2021-10-01,True
1520,728,QR,1,PAX,2021-11-27,True
1521,729,POS,6,PAX,2025-11-21,False
1522,730,POS,12,Ingenico,2022-02-20,True
1523,731,POS,3,Ingenico,2022-01-14,True
1524,731,POS,3,PAX,2022-02-07,True
1525,731,POS,3,Ingenico,2022-04-06,True
1526,732,POS,11,Software-QR,2020-12-14,True
1527,732,POS,11,PAX,2021-01-14,True
1528,733,POS,1,Verifone,2022-12-08,True
1529,733,POS,1,Verifone,2022-10-09,True
1530,734,ECOM,1,Verifone,2023-03-24,True
1531,734,ECOM,1,Verifone,2023-02-04,True
1532,734,ECOM,1,Ingenico,2023-01-30,True
1533,734,ECOM,1,PAX,2023-03-02,False
1534,734,ECOM,1,Verifone,2023-01-05,True
1535,734,POS,1,PAX,2023-05-04,True
1536,735,QR,7,PAX,2024-04-01,False
1537,735,POS,7,PAX,2023-12-17,True
1538,735,POS,7,Verifone-old,2023-12-05,False
1539,735,POS,7,Verifone,2024-01-29,True
1540,736,POS,7,Verifone,2021-04-27,True
1541,737,POS,10,Ingenico,2021-07-22,False
1542,738,POS,1,Ingenico,2022-11-01,True
1543,739,ECOM,8,Verifone-old,2020-06-01,True
1544,740,ECOM,2,PAX,2020-11-26,True
1545,741,QR,1,Software-QR,2023-10-30,True
1546,742,POS,1,PAX,2025-12-19,False
1547,743,QR,14,Ingenico,2023-05-06,True
1548,744,POS,1,Software-QR,2021-01-14,True
1549,745,QR,10,Ingenico,2026-01-04,True
1550,745,POS,10,Ingenico,2025-10-15,False
1551,745,POS,10,PAX,2026-01-13,True
1552,745,POS,10,Ingenico,2026-03-25,True
1553,745,POS,10,PAX,2025-09-21,True
1554,745,POS,10,Verifone,2026-01-25,True
1555,746,POS,6,Verifone,2023-03-25,True
1556,746,POS,6,Software-QR,2023-03-10,False
1557,746,QR,6,PAX,2023-05-27,True
1558,746,POS,6,Verifone,2023-01-10,True
1559,747,POS,7,Ingenico,2024-04-23,True
1560,748,QR,7,Ingenico,2021-07-27,True
1561,748,POS,7,PAX,2021-05-16,True
1562,748,POS,7,Verifone,2021-05-25,True
1563,748,POS,7,Verifone,2021-07-28,True
1564,748,POS,7,PAX,2021-08-21,True
1565,748,POS,7,Ingenico,2021-07-08,True
1566,749,POS,10,Verifone,2023-06-13,True
1567,750,POS,1,Ingenico,2020-10-11,True
1568,750,POS,1,Verifone,2020-11-10,True
1569,750,POS,1,Verifone,2020-10-09,True
1570,750,POS,1,Ingenico,2020-10-11,False
1571,750,POS,1,Ingenico,2020-08-08,True
1572,751,POS,1,PAX,2023-11-09,True
1573,752,QR,5,Ingenico,2021-08-14,True
1574,752,POS,5,Ingenico,2021-05-18,True
1575,753,POS,2,Verifone,2025-09-03,False
1576,754,QR,1,Software-QR,2020-05-29,True
1577,754,POS,9,Verifone,2020-10-12,False
1578,754,QR,1,Verifone,2020-10-26,True
1579,754,POS,1,Ingenico,2020-08-30,True
1580,754,POS,2,Ingenico,2020-08-08,False
1581,754,POS,1,Software-QR,2020-10-02,True
1582,754,POS,4,Verifone,2020-05-14,True
1583,755,POS,1,PAX,2024-01-13,True
1584,755,POS,1,Ingenico,2023-10-09,True
1585,755,POS,1,Verifone-old,2024-01-18,True
1586,755,POS,1,Verifone-old,2024-02-01,True
1587,755,POS,1,PAX,2024-02-18,False
1588,755,POS,1,Verifone,2024-04-04,True
1589,755,POS,1,Ingenico,2023-10-17,False
1590,755,QR,1,PAX,2023-11-24,True
1591,755,POS,1,PAX,2023-10-30,True
1592,755,POS,1,Ingenico,2023-11-15,True
1593,756,QR,2,Verifone,2020-12-06,True
1594,756,POS,13,Ingenico,2021-02-17,True
1595,756,POS,2,PAX,2021-01-31,False
1596,756,QR,2,Ingenico,2020-12-10,True
1597,756,QR,8,PAX,2021-02-22,True
1598,756,POS,5,PAX,2021-02-18,True
1599,756,POS,2,PAX,2021-03-10,False
1600,756,POS,2,Ingenico,2021-02-25,True
1601,756,POS,2,Ingenico,2021-03-20,True
1602,757,POS,1,Verifone,2024-04-09,True
1603,757,QR,1,Verifone,2024-04-02,True
1604,758,POS,1,Verifone-old,2023-01-12,True
1605,758,ECOM,1,Ingenico,2023-04-29,True
1606,759,POS,11,Software-QR,2026-02-08,True
1607,760,POS,2,PAX,2023-12-05,True
1608,760,POS,2,Ingenico,2024-04-06,True
1609,761,POS,14,PAX,2022-08-04,True
1610,762,POS,13,Verifone,2021-01-14,True
1611,763,POS,1,Verifone,2023-06-30,True
1612,763,QR,1,Ingenico,2023-11-05,True
1613,763,POS,1,Verifone,2023-10-28,True
1614,763,POS,1,PAX,2023-07-03,False
1615,763,POS,1,Verifone,2023-09-21,True
1616,763,POS,1,Ingenico,2023-11-12,True
1617,764,POS,7,Verifone,2022-09-19,False
1618,765,ECOM,5,PAX,2020-10-30,True
1619,766,QR,6,Ingenico,2023-09-30,True
1620,767,POS,1,PAX,2021-06-09,False
1621,768,POS,1,Verifone,2021-05-28,True
1622,768,POS,1,Verifone,2021-10-14,True
1623,769,POS,1,PAX,2020-04-28,False
1624,769,POS,1,PAX,2020-04-03,False
1625,770,POS,5,PAX,2022-05-23,True
1626,771,QR,14,Ingenico,2021-04-14,True
1627,771,POS,14,PAX,2021-06-26,True
1628,772,POS,6,Ingenico,2020-10-30,True
1629,772,POS,6,PAX,2020-08-01,True
1630,773,POS,7,Ingenico,2022-08-26,True
1631,774,POS,14,Verifone-old,2021-10-07,True
1632,775,QR,6,PAX,2020-12-31,True
1633,776,POS,1,PAX,2022-12-27,True
1634,776,POS,1,Verifone,2022-11-14,True
1635,776,POS,1,Ingenico,2022-09-18,True
1636,777,POS,10,Ingenico,2020-10-21,True
1637,777,QR,10,Ingenico,2020-11-13,True
1638,778,POS,2,PAX,2025-11-24,True
1639,778,POS,2,Verifone-old,2026-03-10,True
1640,778,POS,2,Software-QR,2026-03-08,True
1641,778,QR,2,Ingenico,2025-12-03,False
1642,778,POS,2,Verifone,2025-11-02,True
1643,779,POS,1,PAX,2022-11-20,True
1644,780,POS,4,Ingenico,2026-04-09,True
1645,781,QR,12,Verifone,2025-04-22,True
1646,781,POS,12,Ingenico,2025-06-06,True
1647,781,POS,12,PAX,2025-04-28,True
1648,781,POS,12,Ingenico,2025-05-18,True
1649,782,ECOM,1,Software-QR,2025-11-14,True
1650,783,POS,3,Ingenico,2023-04-17,True
1651,783,POS,3,Verifone-old,2023-07-15,True
1652,783,POS,3,Verifone-old,2023-05-21,True
1653,783,QR,3,PAX,2023-08-02,True
1654,783,POS,3,PAX,2023-05-02,True
1655,784,ECOM,1,Verifone,2022-11-28,True
1656,785,POS,1,PAX,2024-07-20,True
1657,786,POS,1,Verifone,2020-10-24,True
1658,786,POS,1,Ingenico,2020-10-31,True
1659,786,POS,1,PAX,2020-11-20,True
1660,787,POS,7,Ingenico,2024-10-30,True
1661,788,POS,10,Verifone-old,2022-03-24,True
1662,788,QR,10,Ingenico,2021-11-26,True
1663,788,POS,10,Ingenico,2022-02-22,True
1664,789,POS,1,PAX,2020-02-21,True
1665,789,POS,11,Verifone,2020-01-31,True
1666,789,POS,1,Ingenico,2020-03-29,True
1667,789,POS,8,PAX,2020-07-29,True
1668,789,POS,1,Verifone-old,2020-04-05,True
1669,790,POS,1,Verifone,2021-11-22,True
1670,791,POS,1,Verifone,2021-07-27,True
1671,791,QR,1,Verifone-old,2021-11-24,True
1672,792,ECOM,1,Ingenico,2020-05-13,True
1673,792,POS,1,Ingenico,2020-04-08,True
1674,792,POS,1,Ingenico,2020-02-20,True
1675,793,POS,4,Software-QR,2024-01-04,True
1676,794,POS,6,Verifone-old,2020-08-29,True
1677,795,QR,6,Ingenico,2025-04-19,True
1678,796,POS,2,Verifone,2022-10-12,False
1679,796,POS,2,Ingenico,2022-12-04,True
1680,796,POS,2,Ingenico,2023-01-03,True
1681,796,POS,2,Verifone-old,2023-01-29,True
1682,796,POS,2,Ingenico,2022-08-21,True
1683,796,QR,2,Ingenico,2022-11-19,True
1684,797,POS,4,Software-QR,2024-07-13,True
1685,797,POS,4,Software-QR,2024-08-08,True
1686,797,POS,4,Software-QR,2024-07-03,True
1687,797,POS,4,Verifone,2024-06-04,True
1688,798,POS,1,Ingenico,2022-06-09,True
1689,799,POS,1,Verifone,2021-03-30,True
1690,799,POS,1,PAX,2021-04-17,True
1691,799,POS,1,Verifone-old,2020-12-08,True
1692,800,POS,12,PAX,2021-02-09,True
1693,801,POS,7,PAX,2024-01-23,True
1694,801,POS,7,PAX,2023-10-10,True
1695,801,POS,7,PAX,2024-01-26,True
1696,801,POS,7,PAX,2024-03-18,False
1697,801,POS,7,PAX,2024-04-03,True
1698,801,QR,7,PAX,2023-11-18,True
1699,802,POS,11,PAX,2024-05-05,True
1700,803,POS,11,Verifone-old,2021-12-08,True
1701,803,ECOM,11,Ingenico,2021-10-23,True
1702,803,POS,11,PAX,2021-11-16,True
1703,804,QR,6,PAX,2022-07-26,False
1704,804,ECOM,6,Software-QR,2022-02-18,True
1705,805,POS,12,Verifone,2025-11-21,True
1706,805,POS,12,Ingenico,2025-06-28,True
1707,806,POS,3,Verifone,2025-04-20,True
1708,806,POS,3,PAX,2025-02-27,True
1709,806,QR,3,Ingenico,2025-05-11,True
1710,807,POS,1,Verifone-old,2022-09-27,True
1711,808,POS,1,Ingenico,2021-10-26,True
1712,808,POS,1,PAX,2021-10-26,True
1713,809,POS,1,Verifone,2021-11-28,True
1714,809,POS,1,Verifone,2022-02-03,True
1715,809,POS,1,Verifone,2022-02-27,True
1716,810,POS,1,Verifone,2023-04-06,True
1717,810,POS,1,Verifone,2023-03-30,True
1718,810,POS,1,Ingenico,2023-05-10,True
1719,811,POS,2,PAX,2023-08-12,True
1720,812,POS,7,Verifone,2021-06-17,True
1721,813,QR,8,Verifone,2020-11-10,True
1722,814,POS,5,Verifone-old,2022-11-08,False
1723,815,POS,1,Ingenico,2024-08-19,True
1724,815,POS,1,Software-QR,2025-01-21,True
1725,815,POS,1,Verifone,2024-09-18,True
1726,816,ECOM,7,PAX,2020-12-26,True
1727,817,POS,2,Ingenico,2022-11-11,True
1728,818,POS,1,Ingenico,2021-06-18,True
1729,819,POS,1,Verifone,2021-07-25,False
1730,820,POS,2,Software-QR,2023-10-18,True
1731,821,QR,1,Verifone-old,2022-03-07,True
1732,822,POS,9,Verifone,2021-10-07,True
1733,823,POS,7,PAX,2025-12-11,False
1734,824,POS,6,Ingenico,2021-04-27,False
1735,825,POS,1,Verifone-old,2021-02-16,True
1736,826,POS,9,PAX,2025-05-18,True
1737,827,POS,6,PAX,2023-08-15,True
1738,827,ECOM,6,PAX,2023-05-05,True
1739,827,ECOM,6,PAX,2023-03-20,True
1740,828,POS,1,Ingenico,2020-06-01,True
1741,829,POS,6,Ingenico,2022-10-04,True
1742,829,POS,6,Ingenico,2022-06-22,True
1743,830,POS,3,PAX,2023-09-27,False
1744,830,POS,3,PAX,2023-05-24,True
1745,831,POS,3,Software-QR,2021-09-15,True
1746,832,POS,1,Ingenico,2023-06-05,True
1747,833,POS,4,Verifone,2023-11-23,False
1748,834,POS,1,Ingenico,2021-07-02,True
1749,834,QR,1,PAX,2021-12-02,True
1750,834,POS,1,Software-QR,2021-10-23,True
1751,835,POS,1,Software-QR,2024-09-09,True
1752,836,POS,1,Ingenico,2022-10-16,True
1753,837,QR,12,PAX,2025-08-28,True
1754,837,QR,12,Verifone-old,2025-09-14,False
1755,838,POS,1,PAX,2020-08-25,True
1756,839,ECOM,2,PAX,2022-01-15,False
1757,839,POS,2,Verifone,2021-12-10,True
1758,839,ECOM,2,PAX,2022-04-16,True
1759,840,POS,2,Ingenico,2024-08-06,True
1760,841,POS,11,PAX,2025-03-13,True
1761,842,POS,5,Verifone-old,2021-10-03,True
1762,843,POS,11,PAX,2025-11-27,True
1763,843,POS,11,Software-QR,2026-02-26,True
1764,843,POS,11,Software-QR,2026-02-20,True
1765,844,ECOM,1,Software-QR,2021-04-19,True
1766,844,ECOM,1,PAX,2021-08-04,True
1767,844,ECOM,1,Verifone,2021-05-14,True
1768,844,POS,1,Software-QR,2021-03-26,True
1769,844,ECOM,1,Ingenico,2021-02-18,True
1770,844,ECOM,1,Software-QR,2021-03-21,True
1771,845,POS,1,Ingenico,2022-09-04,True
1772,845,POS,2,PAX,2022-09-21,False
1773,845,POS,4,PAX,2022-11-18,True
1774,845,POS,1,PAX,2022-08-27,True
1775,846,POS,4,Verifone-old,2022-01-01,False
1776,846,ECOM,4,Ingenico,2022-02-05,True
1777,847,ECOM,2,Ingenico,2022-08-14,True
1778,847,ECOM,2,Ingenico,2022-09-30,True
1779,848,POS,9,Verifone,2025-08-06,True
1780,849,POS,10,Ingenico,2024-04-20,False
1781,850,QR,3,Verifone,2025-02-05,True
1782,851,POS,13,Verifone-old,2021-11-14,True
1783,851,POS,13,Verifone,2021-07-30,True
1784,851,POS,13,Verifone,2021-12-31,True
1785,851,QR,10,Ingenico,2021-10-30,True
1786,851,QR,13,Software-QR,2021-12-26,True
1787,852,POS,4,Ingenico,2025-10-22,False
1788,852,POS,4,Verifone,2025-07-31,True
1789,853,QR,1,Ingenico,2022-07-14,True
1790,854,ECOM,3,Verifone,2024-01-25,True
1791,855,POS,1,Ingenico,2024-05-17,True
1792,855,POS,1,PAX,2024-06-12,True
1793,856,POS,9,PAX,2023-11-05,True
1794,857,POS,1,Ingenico,2023-11-01,True
1795,857,POS,1,Ingenico,2023-10-25,True
1796,857,POS,1,Verifone,2023-09-06,False
1797,858,POS,1,PAX,2022-12-10,True
1798,859,POS,5,PAX,2024-03-18,True
1799,860,POS,1,PAX,2025-05-22,False
1800,860,POS,1,Software-QR,2025-04-10,True
1801,861,POS,1,PAX,2022-06-18,True
1802,861,POS,1,PAX,2022-03-29,True
1803,861,POS,1,Ingenico,2022-08-27,True
1804,862,POS,6,Verifone,2023-04-10,True
1805,863,QR,1,Verifone,2021-02-13,True
1806,863,POS,1,Software-QR,2021-02-18,True
1807,863,POS,1,Verifone-old,2021-06-24,True
1808,863,POS,1,Ingenico,2021-01-25,True
1809,864,POS,3,Verifone,2022-03-29,True
1810,865,POS,2,Ingenico,2024-10-16,True
1811,866,ECOM,1,PAX,2023-09-09,False
1812,866,QR,1,Ingenico,2024-02-10,True
1813,866,ECOM,1,Software-QR,2023-11-09,True
1814,866,POS,1,Ingenico,2024-03-11,True
1815,867,POS,1,Software-QR,2021-03-26,True
1816,868,QR,8,Software-QR,2023-05-13,True
1817,868,POS,8,Software-QR,2023-03-25,True
1818,868,POS,14,Verifone,2023-08-31,True
1819,868,POS,8,Ingenico,2023-08-06,True
1820,868,POS,8,Verifone,2023-08-17,True
1821,868,POS,8,Verifone,2023-06-21,True
1822,868,POS,3,PAX,2023-07-27,True
1823,868,POS,8,Ingenico,2023-04-16,True
1824,869,POS,12,Software-QR,2025-01-09,True
1825,870,POS,1,Software-QR,2020-12-03,True
1826,871,POS,13,Ingenico,2020-08-09,True
1827,871,POS,13,Software-QR,2020-08-09,True
1828,872,POS,5,PAX,2022-08-02,True
1829,873,QR,6,PAX,2023-11-22,True
1830,874,POS,7,Software-QR,2022-02-21,True
1831,874,ECOM,7,Software-QR,2022-03-11,True
1832,874,POS,7,Ingenico,2022-01-15,True
1833,874,ECOM,7,Verifone,2021-10-29,True
1834,874,POS,7,Verifone,2022-01-15,True
1835,874,ECOM,7,Verifone,2022-01-23,True
1836,874,ECOM,7,PAX,2021-11-30,True
1837,875,QR,7,Verifone,2025-01-19,True
1838,876,POS,9,Ingenico,2025-04-24,True
1839,877,ECOM,11,Software-QR,2023-05-01,True
1840,877,ECOM,3,PAX,2023-07-30,False
1841,877,POS,2,Software-QR,2023-06-12,True
1842,877,POS,3,Verifone,2023-02-24,True
1843,877,ECOM,3,Software-QR,2023-02-11,True
1844,877,POS,3,Software-QR,2023-06-21,False
1845,877,POS,3,Ingenico,2023-06-02,True
1846,877,ECOM,3,Verifone,2023-03-28,False
1847,878,QR,4,Ingenico,2022-07-06,True
1848,879,POS,2,Verifone,2020-04-25,True
1849,880,POS,1,PAX,2025-03-05,True
1850,881,QR,6,Verifone-old,2025-05-29,True
1851,882,ECOM,1,PAX,2022-07-18,False
1852,883,POS,1,Verifone-old,2023-03-04,True
1853,883,POS,1,Verifone,2023-02-01,True
1854,884,POS,1,Verifone,2024-07-25,True
1855,884,POS,1,PAX,2024-07-16,True
1856,885,QR,1,PAX,2024-06-24,True
1857,885,POS,1,Verifone,2024-05-25,True
1858,886,ECOM,6,Ingenico,2021-03-22,True
1859,887,ECOM,5,Ingenico,2024-01-07,True
1860,887,POS,5,Verifone,2023-12-22,True
1861,888,QR,3,PAX,2025-06-20,True
1862,888,POS,3,Ingenico,2025-06-08,True
1863,889,POS,1,Verifone,2024-05-05,True
1864,889,QR,1,Ingenico,2024-09-28,True
1865,889,POS,1,Verifone,2024-11-06,True
1866,890,POS,3,Verifone,2022-11-22,True
1867,891,QR,2,Ingenico,2023-04-28,True
1868,892,POS,7,Ingenico,2021-11-26,False
1869,892,POS,7,Ingenico,2021-07-19,True
1870,892,POS,7,PAX,2021-09-22,True
1871,892,POS,7,PAX,2021-09-24,True
1872,892,POS,7,Verifone,2021-11-12,False
1873,892,POS,7,Verifone,2021-11-17,False
1874,892,POS,7,Software-QR,2021-10-21,True
1875,893,POS,5,Ingenico,2024-05-04,True
1876,893,POS,5,PAX,2024-03-14,True
1877,893,QR,5,PAX,2024-01-30,True
1878,893,POS,5,Verifone-old,2024-03-30,True
1879,893,POS,5,Software-QR,2024-02-22,True
1880,894,QR,3,Verifone,2021-09-17,False
1881,895,POS,3,PAX,2022-03-12,False
1882,895,POS,3,Verifone-old,2022-02-22,True
1883,895,POS,3,PAX,2022-02-12,True
1884,895,POS,3,Verifone,2022-07-01,True
1885,895,POS,3,Ingenico,2022-03-25,True
1886,895,POS,3,Verifone,2022-02-26,True
1887,896,ECOM,13,Verifone,2021-11-26,True
1888,896,ECOM,13,Software-QR,2021-07-16,True
1889,897,POS,7,Ingenico,2022-01-08,True
1890,898,POS,3,PAX,2022-05-14,True
1891,898,POS,3,Verifone,2022-06-11,True
1892,899,QR,3,Ingenico,2020-11-29,True
1893,899,QR,3,Software-QR,2020-09-13,True
1894,899,POS,3,Software-QR,2020-09-23,True
1895,900,POS,1,PAX,2024-02-20,True
1896,900,QR,1,PAX,2024-06-29,True
1897,900,POS,1,Software-QR,2024-03-25,True
1898,901,POS,12,Ingenico,2022-12-13,True
1899,901,POS,12,Ingenico,2023-01-30,True
1900,902,POS,2,Ingenico,2025-09-29,True
1901,903,QR,1,Software-QR,2021-02-06,False
1902,903,POS,1,Ingenico,2021-04-11,True
1903,903,POS,1,Ingenico,2021-05-18,True
1904,904,POS,14,Ingenico,2023-12-17,True
1905,904,POS,14,Verifone,2024-05-06,True
1906,904,QR,14,Software-QR,2023-11-09,True
1907,904,POS,14,Ingenico,2024-03-31,True
1908,905,POS,7,Ingenico,2021-07-20,True
1909,905,POS,7,PAX,2021-07-27,True
1910,905,POS,7,Ingenico,2021-05-10,True
1911,906,POS,1,PAX,2023-04-23,False
1912,906,POS,1,Verifone,2023-05-19,True
1913,907,POS,1,Verifone,2022-10-27,True
1914,908,POS,1,Software-QR,2022-11-11,False
1915,908,POS,1,Ingenico,2022-09-17,True
1916,908,QR,5,PAX,2023-01-14,True
1917,908,QR,1,Software-QR,2022-11-19,True
1918,908,POS,13,PAX,2023-02-08,True
1919,908,POS,2,Verifone,2022-12-19,True
1920,908,POS,7,Verifone,2022-10-07,True
1921,908,POS,2,Software-QR,2023-01-23,True
1922,909,POS,5,Ingenico,2024-04-14,True
1923,910,POS,1,Ingenico,2024-12-21,True
1924,910,QR,1,Verifone,2024-10-30,True
1925,910,QR,1,Verifone-old,2024-12-17,True
1926,911,POS,12,Ingenico,2021-12-27,True
1927,911,POS,12,Ingenico,2022-03-05,True
1928,912,POS,12,Software-QR,2025-01-11,True
1929,913,POS,4,PAX,2021-05-31,True
1930,914,QR,5,Software-QR,2022-03-01,True
1931,914,QR,5,Verifone,2022-01-10,True
1932,914,POS,5,Verifone-old,2022-01-03,True
1933,914,POS,5,Verifone,2021-10-16,True
1934,914,POS,5,Verifone,2021-10-05,True
1935,915,POS,1,Verifone,2021-12-03,True
1936,916,POS,1,PAX,2025-12-28,True
1937,916,POS,1,Ingenico,2025-09-11,True
1938,916,POS,1,Verifone-old,2025-10-27,False
1939,916,POS,1,Ingenico,2025-12-26,True
1940,917,POS,7,PAX,2020-12-13,True
1941,917,QR,7,Ingenico,2021-03-13,False
1942,918,POS,1,PAX,2022-06-10,True
1943,919,POS,1,Verifone,2022-11-22,True
1944,920,POS,2,Ingenico,2025-02-01,True
1945,920,QR,2,PAX,2025-02-06,True
1946,921,POS,1,PAX,2023-04-06,True
1947,922,QR,3,Ingenico,2025-09-09,True
1948,922,POS,3,PAX,2025-09-16,True
1949,922,QR,3,Ingenico,2026-01-22,True
1950,923,POS,7,PAX,2024-09-13,True
1951,924,POS,9,Verifone,2024-04-01,True
1952,925,POS,5,PAX,2024-11-05,True
1953,926,POS,10,Ingenico,2021-05-15,True
1954,926,POS,10,Ingenico,2021-02-08,True
1955,926,POS,10,Verifone-old,2021-04-25,True
1956,927,QR,2,PAX,2023-01-28,True
1957,928,QR,10,Ingenico,2023-07-29,True
1958,929,POS,4,Ingenico,2021-08-25,True
1959,930,POS,1,Ingenico,2021-02-22,True
1960,930,QR,1,Software-QR,2021-01-27,True
1961,931,QR,12,Ingenico,2020-11-07,True
1962,932,ECOM,1,Verifone-old,2024-07-26,True
1963,932,POS,1,Verifone-old,2024-09-30,True
1964,932,POS,1,Verifone-old,2024-12-27,True
1965,932,ECOM,1,Ingenico,2024-08-28,False
1966,933,ECOM,1,Ingenico,2024-04-22,True
1967,933,POS,1,Ingenico,2023-12-22,True
1968,933,ECOM,1,PAX,2024-03-27,True
1969,933,ECOM,12,Ingenico,2024-01-28,True
1970,933,ECOM,11,Ingenico,2024-03-12,True
1971,934,POS,1,Ingenico,2021-12-26,True
1972,934,POS,1,Ingenico,2021-11-17,True
1973,934,POS,1,PAX,2021-12-29,True
1974,934,QR,1,Ingenico,2021-09-13,True
1975,934,POS,1,Software-QR,2022-01-12,True
1976,935,QR,2,Software-QR,2024-06-15,True
1977,935,POS,2,PAX,2024-09-19,True
1978,936,POS,2,Verifone,2024-02-11,False
1979,937,POS,4,PAX,2025-02-14,True
1980,938,POS,11,Software-QR,2025-05-16,True
1981,938,POS,11,PAX,2025-09-09,True
1982,939,POS,1,Ingenico,2025-07-25,True
1983,939,ECOM,1,Ingenico,2025-04-01,True
1984,939,ECOM,1,Verifone-old,2025-06-30,False
1985,940,POS,4,Software-QR,2021-02-17,True
1986,941,POS,2,Ingenico,2024-11-09,True
1987,941,POS,2,PAX,2024-10-29,True
1988,941,POS,2,Verifone,2024-07-20,True
1989,941,QR,2,Ingenico,2024-07-28,True
1990,941,POS,2,PAX,2024-06-08,True
1991,942,POS,9,Verifone,2022-08-30,True
1992,943,POS,1,Verifone,2022-10-18,True
1993,943,POS,1,Ingenico,2022-06-30,True
1994,943,POS,1,Ingenico,2022-04-30,True
1995,943,POS,1,PAX,2022-05-24,True
1996,944,ECOM,1,PAX,2024-04-03,True
1997,945,POS,3,Ingenico,2023-11-27,False
1998,945,POS,3,Verifone-old,2023-12-02,True
1999,946,POS,6,Verifone,2022-07-25,True
2000,946,QR,6,Ingenico,2022-08-26,True
2001,946,POS,6,Ingenico,2022-08-31,True
2002,947,QR,9,Software-QR,2026-02-23,True
2003,948,POS,5,Verifone-old,2021-06-21,True
2004,948,POS,5,Ingenico,2021-07-11,True
2005,948,POS,11,PAX,2021-06-24,True
2006,948,POS,5,Software-QR,2021-06-10,True
2007,948,POS,5,PAX,2021-03-18,True
2008,948,POS,5,Verifone,2021-04-23,True
2009,948,POS,5,PAX,2021-04-20,True
2010,948,POS,5,Ingenico,2021-02-03,True
2011,948,POS,5,PAX,2021-05-07,True
2012,949,QR,8,Verifone-old,2021-02-06,True
2013,949,POS,8,PAX,2020-08-11,True
2014,949,QR,8,Verifone,2020-09-26,True
2015,950,POS,2,Ingenico,2020-09-11,True
2016,950,POS,2,Software-QR,2020-07-18,True
2017,950,POS,2,PAX,2020-07-09,True
2018,951,POS,1,PAX,2025-03-04,False
2019,951,POS,1,PAX,2025-02-22,True
2020,951,QR,1,Software-QR,2024-09-22,True
2021,952,QR,1,Software-QR,2022-05-28,False
2022,953,QR,1,Verifone,2023-01-06,True
2023,954,POS,2,Software-QR,2023-12-20,True
2024,955,ECOM,3,PAX,2022-07-04,True
2025,956,ECOM,2,PAX,2023-04-25,True
2026,956,ECOM,2,PAX,2023-10-27,True
2027,956,ECOM,2,Verifone,2023-07-19,True
2028,956,POS,2,Ingenico,2023-08-03,True
2029,956,QR,2,Verifone-old,2023-08-29,True
2030,957,QR,5,Verifone,2020-09-01,False
2031,957,POS,5,Software-QR,2020-07-01,True
2032,957,POS,5,Verifone,2020-08-12,True
2033,958,POS,3,Ingenico,2020-11-26,True
2034,959,POS,6,PAX,2025-08-01,True
2035,959,POS,6,Ingenico,2025-11-01,True
2036,960,POS,6,Ingenico,2023-01-05,True
2037,961,POS,2,Verifone-old,2021-01-18,True
2038,961,POS,2,Verifone,2021-03-28,True
2039,962,POS,2,Software-QR,2022-02-18,True
2040,962,POS,2,PAX,2022-05-09,True
2041,963,QR,5,Verifone,2021-12-15,True
2042,963,POS,5,Ingenico,2022-06-09,True
2043,964,POS,5,Verifone,2021-09-28,True
2044,965,POS,2,Ingenico,2022-03-10,True
2045,965,POS,2,Ingenico,2021-11-12,True
2046,965,POS,2,Software-QR,2021-10-05,True
2047,965,POS,2,Ingenico,2022-03-13,True
2048,966,POS,2,PAX,2024-09-25,True
2049,967,POS,6,Ingenico,2021-02-06,True
2050,967,POS,6,Ingenico,2020-11-27,True
2051,967,POS,6,Verifone,2020-12-27,False
2052,967,QR,6,Ingenico,2021-02-15,True
2053,967,QR,6,Ingenico,2020-09-10,True
2054,967,POS,6,Verifone,2020-12-04,True
2055,968,QR,6,Verifone,2022-02-08,True
2056,968,QR,6,Software-QR,2022-01-14,False
2057,969,POS,1,Software-QR,2023-02-25,True
2058,970,POS,3,PAX,2023-04-05,True
2059,970,QR,3,Verifone,2023-07-11,True
2060,970,QR,3,Verifone,2023-02-24,True
2061,971,POS,11,Verifone,2025-06-18,False
2062,972,QR,1,Ingenico,2025-11-06,True
2063,973,POS,10,Ingenico,2021-09-24,True
2064,973,POS,10,Ingenico,2022-04-01,True
2065,973,POS,10,PAX,2021-12-17,True
2066,974,ECOM,1,Software-QR,2023-07-27,True
2067,974,ECOM,1,Verifone,2023-07-07,True
2068,975,QR,4,PAX,2020-04-29,True
2069,976,POS,3,Ingenico,2023-08-26,False
2070,976,POS,3,Verifone-old,2023-10-28,True
2071,977,POS,1,Verifone,2020-11-21,True
2072,978,POS,11,Ingenico,2020-06-04,True
2073,979,POS,3,PAX,2024-05-11,True
2074,979,POS,3,Verifone,2023-12-13,True
2075,980,POS,12,Verifone,2021-07-20,False
2076,980,POS,12,Software-QR,2021-01-30,True
2077,980,POS,12,Ingenico,2021-03-27,True
2078,980,POS,12,PAX,2021-02-25,True
2079,981,POS,1,PAX,2022-11-08,False
2080,981,POS,1,Ingenico,2022-11-24,True
2081,981,POS,1,Software-QR,2022-12-03,True
2082,981,POS,1,Ingenico,2023-01-07,True
2083,982,POS,10,PAX,2020-10-19,True
2084,982,QR,10,Software-QR,2020-11-13,True
2085,982,POS,10,PAX,2020-10-13,True
2086,983,QR,11,Verifone,2024-10-26,True
2087,984,POS,5,Software-QR,2024-06-13,False
2088,985,POS,1,Software-QR,2023-09-23,True
2089,986,ECOM,6,Verifone,2025-05-06,True
2090,986,POS,6,Verifone-old,2025-04-15,True
2091,987,QR,4,Verifone-old,2022-08-31,True
2092,988,QR,12,PAX,2021-08-07,True
2093,988,POS,12,Software-QR,2021-06-15,True
2094,988,QR,12,Ingenico,2021-07-12,False
2095,989,POS,3,Ingenico,2021-01-05,True
2096,990,POS,1,Software-QR,2021-05-03,True
2097,990,POS,1,Ingenico,2021-09-18,True
2098,991,POS,1,PAX,2021-05-28,True
2099,992,POS,6,Verifone,2022-05-27,True
2100,992,POS,6,Ingenico,2021-11-30,True
2101,992,POS,6,Verifone,2022-04-04,True
2102,992,POS,6,PAX,2022-04-01,True
2103,992,POS,6,Software-QR,2022-01-19,True
2104,992,POS,6,PAX,2021-11-19,True
2105,993,QR,13,Ingenico,2021-09-09,True
2106,993,POS,13,PAX,2021-10-11,True
2107,994,QR,1,PAX,2023-07-17,True
2108,995,ECOM,7,Ingenico,2021-01-06,True
2109,995,POS,7,Software-QR,2020-12-19,True
2110,995,POS,7,PAX,2021-05-19,True
2111,996,POS,11,PAX,2024-02-03,True
2112,996,POS,11,Ingenico,2023-10-24,True
2113,997,POS,1,PAX,2022-01-23,False
2114,998,QR,1,Verifone-old,2024-04-24,True
2115,999,POS,6,PAX,2023-05-11,True
2116,1000,POS,6,Verifone,2025-06-07,True
2117,1001,POS,1,Ingenico,2022-08-03,True
2118,1002,POS,10,PAX,2021-10-29,True
2119,1002,POS,10,Ingenico,2022-01-24,True
2120,1002,POS,10,PAX,2021-10-01,True
2121,1002,POS,10,Verifone,2021-09-11,True
2122,1002,POS,10,PAX,2022-03-21,True
2123,1002,POS,10,Software-QR,2022-01-19,True
2124,1002,POS,10,Ingenico,2021-10-14,False
2125,1003,QR,4,Ingenico,2023-06-02,True
2126,1004,POS,11,Verifone,2024-03-01,False
2127,1005,POS,10,Software-QR,2022-08-18,True
2128,1006,ECOM,9,Ingenico,2023-09-02,True
2129,1007,QR,4,Software-QR,2022-12-02,True
2130,1007,ECOM,4,Ingenico,2023-03-14,True
2131,1007,POS,4,Ingenico,2023-03-15,True
2132,1008,POS,1,Software-QR,2022-02-25,True
2133,1009,POS,4,Ingenico,2021-11-09,True
2134,1009,POS,4,Ingenico,2021-12-28,True
2135,1010,POS,1,PAX,2025-09-04,True
2136,1010,POS,1,Verifone,2025-04-08,True
2137,1010,POS,1,PAX,2025-03-20,True
2138,1011,POS,6,PAX,2024-01-03,True
2139,1012,ECOM,1,Software-QR,2020-08-14,False
2140,1012,ECOM,1,Ingenico,2021-01-26,True
2141,1013,POS,4,Ingenico,2025-08-05,True
2142,1013,POS,4,Verifone,2026-01-02,True
2143,1014,QR,1,PAX,2024-05-13,False
2144,1014,POS,1,Ingenico,2024-02-10,True
2145,1014,POS,1,Verifone,2024-02-13,False
2146,1014,POS,1,PAX,2024-06-10,True
2147,1015,POS,1,Verifone-old,2020-08-05,True
2148,1015,POS,1,Verifone,2020-04-22,True
2149,1016,POS,1,Ingenico,2024-06-14,True
2150,1017,POS,5,Verifone,2023-05-28,True
2151,1017,POS,5,Ingenico,2023-08-18,True
2152,1017,POS,5,Verifone,2023-11-28,True
2153,1017,QR,5,Software-QR,2023-07-25,True
2154,1018,POS,8,Ingenico,2025-08-29,True
2155,1019,POS,1,Software-QR,2022-11-26,True
2156,1019,POS,1,Verifone,2023-04-17,True
2157,1019,POS,1,PAX,2023-03-13,True
2158,1019,POS,1,PAX,2023-03-14,True
2159,1020,POS,10,Software-QR,2023-02-28,True
2160,1021,POS,10,Software-QR,2022-01-14,True
2161,1021,ECOM,10,Ingenico,2021-12-07,True
2162,1022,QR,2,Ingenico,2021-12-08,True
2163,1023,POS,6,Verifone,2023-11-23,True
2164,1024,POS,2,Ingenico,2024-11-14,False
2165,1025,POS,1,PAX,2025-06-14,True
2166,1026,POS,4,Ingenico,2024-07-30,True
2167,1026,POS,4,Ingenico,2024-12-07,True
2168,1026,QR,4,Ingenico,2024-12-07,True
2169,1027,POS,1,Ingenico,2023-10-25,True
2170,1027,POS,1,Verifone,2023-11-07,True
2171,1028,POS,10,Ingenico,2023-01-24,True
2172,1029,POS,11,PAX,2022-05-02,True
2173,1029,QR,11,Software-QR,2022-06-05,True
2174,1030,ECOM,9,Ingenico,2024-06-30,True
2175,1030,ECOM,9,PAX,2024-10-30,True
2176,1030,POS,9,PAX,2024-10-03,True
2177,1031,POS,5,Verifone-old,2022-01-07,True
2178,1032,POS,5,PAX,2021-12-26,True
2179,1033,QR,14,Software-QR,2025-03-17,True
2180,1034,ECOM,1,Ingenico,2023-06-02,True
2181,1034,ECOM,1,PAX,2023-08-29,True
2182,1034,ECOM,1,Verifone-old,2023-10-21,True
2183,1034,POS,1,Verifone,2023-09-16,True
2184,1034,ECOM,1,Software-QR,2023-11-09,True
2185,1035,ECOM,1,Ingenico,2022-04-03,True
2186,1035,ECOM,1,Ingenico,2022-05-09,False
2187,1035,ECOM,1,Ingenico,2022-05-04,False
2188,1036,POS,5,Ingenico,2025-06-17,True
2189,1036,POS,5,Ingenico,2025-01-03,True
2190,1036,POS,5,Ingenico,2024-12-27,True
2191,1037,POS,2,Software-QR,2025-10-29,True
2192,1038,ECOM,2,Ingenico,2022-01-13,True
2193,1039,QR,1,Software-QR,2023-06-10,True
2194,1039,POS,1,Verifone-old,2023-04-13,False
2195,1040,POS,5,Software-QR,2022-11-16,True
2196,1040,POS,5,Software-QR,2022-12-01,False
2197,1041,POS,1,PAX,2024-04-22,True
2198,1042,POS,1,Verifone,2025-10-09,True
2199,1043,POS,1,Verifone,2023-03-14,True
2200,1044,POS,2,PAX,2024-11-12,True
2201,1045,POS,10,PAX,2023-07-14,True
2202,1046,POS,2,PAX,2025-05-05,True
2203,1047,POS,6,Verifone,2022-07-16,True
2204,1048,QR,7,Verifone,2022-04-04,True
2205,1048,POS,7,Verifone-old,2022-06-17,True
2206,1048,POS,7,Ingenico,2022-04-14,True
2207,1049,POS,2,Verifone,2022-12-18,True
2208,1049,POS,2,Software-QR,2022-08-13,True
2209,1050,POS,9,Ingenico,2025-11-02,True
2210,1051,QR,6,PAX,2023-08-30,True
2211,1051,POS,6,PAX,2023-11-09,True
2212,1052,POS,5,PAX,2020-12-07,True
2213,1052,POS,5,Software-QR,2021-01-09,False
2214,1053,POS,1,Verifone,2020-06-22,False
2215,1054,POS,1,PAX,2023-01-26,True
2216,1055,POS,14,Software-QR,2024-12-06,True
2217,1055,POS,14,PAX,2025-01-12,True
2218,1055,QR,14,Ingenico,2024-11-24,True
2219,1055,POS,14,Software-QR,2024-11-07,True
2220,1056,POS,8,PAX,2022-12-21,True
2221,1057,ECOM,12,Ingenico,2023-09-24,True
2222,1057,POS,12,Verifone,2023-08-30,True
2223,1058,POS,11,PAX,2024-09-17,True
2224,1058,QR,11,Ingenico,2024-09-04,True
2225,1059,POS,1,Ingenico,2023-07-02,True
2226,1060,QR,8,Ingenico,2025-07-09,True
2227,1061,POS,3,Verifone,2023-10-30,True
2228,1061,POS,3,PAX,2023-12-19,True
2229,1061,QR,3,Ingenico,2024-01-26,True
2230,1062,POS,8,Verifone,2024-09-09,True
2231,1062,POS,8,Software-QR,2024-04-23,True
2232,1062,POS,8,PAX,2024-07-14,True
2233,1062,POS,10,Verifone,2024-09-26,True
2234,1062,POS,8,Verifone,2024-08-28,True
2235,1062,POS,8,PAX,2024-09-26,True
2236,1062,QR,11,Ingenico,2024-09-27,True
2237,1062,POS,8,Ingenico,2024-07-31,True
2238,1062,POS,8,Ingenico,2024-08-11,True
2239,1063,POS,1,Software-QR,2025-01-07,True
2240,1063,POS,1,Verifone,2024-10-26,True
2241,1064,POS,1,Ingenico,2023-12-17,True
2242,1064,QR,1,Ingenico,2023-08-27,True
2243,1065,POS,7,PAX,2020-06-03,True
2244,1065,POS,7,Verifone-old,2020-07-19,True
2245,1066,POS,8,Software-QR,2022-07-07,True
2246,1067,POS,5,PAX,2020-12-05,True
2247,1067,POS,5,Verifone,2021-04-09,True
2248,1068,POS,1,Ingenico,2022-12-08,False
2249,1068,POS,1,PAX,2023-05-20,True
2250,1068,POS,1,PAX,2023-03-17,True
2251,1069,QR,2,Verifone,2021-03-29,True
2252,1069,POS,2,Ingenico,2021-03-28,False
2253,1069,POS,2,PAX,2021-01-07,True
2254,1069,POS,2,Verifone,2020-11-18,True
2255,1069,POS,2,Ingenico,2021-02-15,True
2256,1070,ECOM,13,Software-QR,2023-01-16,True
2257,1070,ECOM,13,Software-QR,2023-05-03,True
2258,1070,ECOM,13,Software-QR,2023-05-08,True
2259,1070,POS,13,Verifone,2023-05-23,True
2260,1070,ECOM,13,Ingenico,2023-06-06,True
2261,1070,ECOM,13,Ingenico,2023-03-06,False
2262,1070,POS,13,Software-QR,2023-05-29,True
2263,1071,QR,3,PAX,2022-06-26,True
2264,1072,POS,3,Verifone,2020-08-14,True
2265,1072,POS,3,Ingenico,2020-06-20,True
2266,1073,POS,4,Verifone,2021-01-31,True
2267,1074,QR,2,PAX,2023-04-24,True
2268,1075,POS,4,Software-QR,2020-12-04,True
2269,1075,POS,4,Ingenico,2020-12-09,False
2270,1075,POS,4,Verifone,2020-10-11,True
2271,1076,POS,3,Verifone-old,2024-12-03,True
2272,1076,POS,3,PAX,2025-06-06,True
2273,1077,QR,10,PAX,2024-10-25,True
2274,1077,POS,10,Software-QR,2024-05-12,True
2275,1078,QR,11,PAX,2024-04-10,False
2276,1079,POS,12,Verifone,2021-02-19,True
2277,1080,POS,5,Ingenico,2024-09-16,True
2278,1080,QR,5,Verifone-old,2024-08-12,True
2279,1080,POS,5,Software-QR,2025-01-12,True
2280,1081,POS,3,Software-QR,2023-11-12,True
2281,1082,ECOM,7,PAX,2022-04-30,True
2282,1082,ECOM,7,Ingenico,2022-09-08,False
2283,1083,POS,10,Ingenico,2020-03-04,True
2284,1083,ECOM,10,Verifone,2020-06-26,True
2285,1083,ECOM,10,PAX,2020-01-24,True
2286,1084,POS,5,PAX,2023-04-06,True
2287,1085,POS,6,Ingenico,2025-02-13,True
2288,1086,POS,7,Verifone,2020-07-19,False
2289,1087,POS,6,Ingenico,2020-06-13,True
2290,1087,POS,6,PAX,2020-07-02,True
2291,1087,POS,6,PAX,2020-09-05,True
2292,1088,POS,7,Ingenico,2022-06-25,True
2293,1088,QR,7,Ingenico,2022-05-26,False
2294,1088,POS,7,PAX,2022-05-14,True
2295,1089,POS,1,Ingenico,2023-02-05,True
2296,1089,POS,1,Software-QR,2023-05-20,True
2297,1090,POS,3,PAX,2023-04-04,True
2298,1091,QR,5,Verifone-old,2022-09-21,True
2299,1091,POS,5,Software-QR,2022-11-18,True
2300,1091,POS,13,PAX,2022-11-11,True
2301,1091,POS,12,PAX,2022-06-16,True
2302,1091,POS,5,PAX,2022-11-27,True
2303,1091,POS,5,Ingenico,2022-09-23,True
2304,1091,POS,5,Ingenico,2022-07-28,True
2305,1091,POS,7,PAX,2022-11-25,True
2306,1091,POS,13,Verifone-old,2022-08-24,False
2307,1092,POS,1,Ingenico,2021-10-09,True
2308,1093,POS,10,PAX,2020-10-05,True
2309,1093,POS,10,Verifone,2020-09-26,False
2310,1093,POS,10,Verifone-old,2020-06-02,True
2311,1094,POS,5,Verifone,2020-08-08,True
2312,1095,POS,1,Verifone,2020-08-10,True
2313,1095,POS,1,PAX,2021-01-15,True
2314,1095,POS,1,Ingenico,2020-08-04,True
2315,1096,ECOM,9,Ingenico,2024-05-10,True
2316,1096,ECOM,9,Software-QR,2024-01-25,True
2317,1097,POS,7,Verifone,2024-11-14,True
2318,1097,POS,7,PAX,2024-12-07,True
2319,1098,POS,7,Verifone,2022-08-14,False
2320,1099,POS,2,Ingenico,2020-06-26,True
2321,1100,POS,10,Ingenico,2022-08-11,False
2322,1100,POS,10,Verifone,2022-07-27,True
2323,1101,QR,3,PAX,2025-09-20,False
2324,1101,POS,3,Software-QR,2025-11-09,False
2325,1102,POS,5,Ingenico,2021-12-13,True
2326,1103,POS,1,Verifone,2023-03-23,True
2327,1104,POS,6,Ingenico,2023-08-16,True
2328,1105,POS,7,Verifone,2022-01-17,True
2329,1106,POS,5,Software-QR,2022-11-19,True
2330,1107,POS,3,PAX,2023-01-14,True
2331,1108,ECOM,9,Ingenico,2023-04-03,True
2332,1109,POS,6,Verifone,2024-07-21,True
2333,1109,POS,6,PAX,2024-02-22,True
2334,1110,POS,1,PAX,2023-09-29,True
2335,1110,POS,1,PAX,2023-11-01,True
2336,1110,POS,1,Ingenico,2023-07-06,True
2337,1110,POS,1,Verifone,2023-07-26,True
2338,1110,POS,1,Ingenico,2023-09-02,True
2339,1111,QR,13,Ingenico,2020-06-28,True
2340,1111,POS,13,Software-QR,2020-08-08,True
2341,1111,POS,1,Verifone,2020-08-21,True
2342,1111,QR,8,Verifone-old,2020-09-29,True
2343,1111,POS,4,PAX,2020-10-22,True
2344,1112,POS,7,Verifone,2020-03-23,True
2345,1113,POS,14,Verifone,2022-08-04,True
2346,1114,ECOM,13,Verifone-old,2025-05-31,False
2347,1115,POS,11,PAX,2020-07-20,True
2348,1116,QR,7,Ingenico,2020-07-31,True
2349,1116,POS,7,Ingenico,2020-10-13,False
2350,1117,POS,5,Verifone,2024-02-10,True
2351,1117,QR,5,Verifone,2024-03-14,True
2352,1118,QR,1,Ingenico,2023-02-17,True
2353,1118,POS,1,Ingenico,2022-08-24,True
2354,1119,POS,4,PAX,2021-06-08,False
2355,1120,ECOM,8,PAX,2021-04-07,True
2356,1120,POS,8,Ingenico,2021-05-13,True
2357,1120,ECOM,8,PAX,2021-03-28,True
2358,1120,POS,8,Verifone,2021-06-05,False
2359,1120,ECOM,8,Verifone,2021-04-27,True
2360,1120,ECOM,8,PAX,2021-06-25,True
2361,1120,POS,8,Software-QR,2021-06-09,True
2362,1120,ECOM,8,Ingenico,2021-08-19,False
2363,1121,QR,4,PAX,2023-12-24,True
2364,1122,POS,10,Software-QR,2023-02-26,True
2365,1123,POS,1,Verifone,2023-12-22,True
2366,1123,POS,1,PAX,2024-01-27,True
2367,1124,POS,2,Verifone,2022-02-19,True
2368,1124,QR,2,Verifone,2021-12-18,True
2369,1125,POS,4,PAX,2023-03-13,True
2370,1126,QR,3,Ingenico,2025-03-30,True
2371,1126,POS,13,Verifone-old,2025-05-01,True
2372,1126,POS,3,Verifone,2025-04-23,True
2373,1127,POS,1,PAX,2021-12-05,True
2374,1127,POS,1,Ingenico,2022-03-16,True
2375,1128,POS,1,Verifone,2022-07-25,True
2376,1128,POS,1,Ingenico,2022-07-03,True
2377,1128,POS,1,Verifone,2022-10-05,True
2378,1129,POS,10,PAX,2021-01-31,True
2379,1129,POS,10,Ingenico,2021-04-08,True
2380,1129,POS,10,Verifone,2021-06-09,True
2381,1130,POS,3,Ingenico,2024-01-05,True
2382,1130,POS,3,PAX,2023-09-22,True
2383,1131,POS,1,Ingenico,2020-04-09,True
2384,1132,QR,1,Ingenico,2021-08-08,True
2385,1133,POS,3,Verifone,2024-02-27,False
2386,1133,POS,3,Verifone,2024-08-19,True
2387,1134,POS,1,Verifone,2020-08-22,True
2388,1134,POS,1,Verifone-old,2020-05-25,True
2389,1135,POS,7,PAX,2026-03-04,True
2390,1136,POS,9,Ingenico,2022-06-11,False
2391,1136,POS,9,Verifone-old,2022-08-05,True
2392,1137,POS,1,Ingenico,2022-09-25,True
2393,1137,POS,1,PAX,2022-09-30,True
2394,1138,ECOM,5,Verifone-old,2023-07-28,True
2395,1139,POS,1,Ingenico,2023-10-11,True
2396,1139,POS,1,Ingenico,2023-11-14,True
2397,1140,POS,1,Ingenico,2023-02-08,True
2398,1141,POS,11,Verifone,2025-07-23,False
2399,1141,POS,11,Verifone,2025-07-24,True
2400,1142,POS,4,Software-QR,2025-08-13,True
2401,1142,POS,4,Verifone,2026-01-21,True
2402,1142,POS,4,PAX,2025-10-21,True
2403,1143,POS,11,PAX,2021-08-10,True
2404,1143,POS,11,Software-QR,2021-05-18,True
2405,1143,POS,11,PAX,2021-03-20,True
2406,1144,POS,1,Ingenico,2024-05-12,True
2407,1144,POS,1,Software-QR,2024-04-26,True
2408,1145,POS,2,Verifone-old,2022-01-01,True
2409,1146,POS,3,Verifone,2026-04-07,True
2410,1147,POS,3,Verifone,2021-07-29,True
2411,1147,POS,3,Verifone,2021-10-04,True
2412,1147,QR,3,PAX,2021-06-20,False
2413,1147,POS,3,PAX,2021-08-17,True
2414,1147,POS,3,Verifone-old,2021-07-06,False
2415,1147,POS,3,Ingenico,2021-06-16,True
2416,1148,POS,14,PAX,2022-01-17,True
2417,1149,POS,1,PAX,2024-04-30,False
2418,1150,ECOM,10,Ingenico,2024-08-26,True
2419,1150,ECOM,10,PAX,2025-01-21,True
2420,1151,POS,10,Verifone,2020-10-26,False
2421,1152,POS,4,Ingenico,2023-06-01,True
2422,1153,QR,2,Ingenico,2022-05-14,False
2423,1153,POS,2,PAX,2022-02-08,True
2424,1153,POS,2,Ingenico,2022-07-01,True
2425,1153,POS,2,PAX,2021-12-28,True
2426,1154,POS,4,PAX,2023-10-24,True
2427,1155,POS,1,Software-QR,2023-09-05,True
2428,1155,POS,1,Verifone-old,2023-08-05,True
2429,1156,POS,9,Verifone,2026-02-17,True
2430,1156,POS,9,Software-QR,2025-11-20,True
2431,1156,POS,9,PAX,2025-09-16,True
2432,1157,POS,3,Ingenico,2025-06-22,True
2433,1158,POS,11,Ingenico,2023-10-18,True
2434,1159,POS,5,Ingenico,2024-01-26,True
2435,1159,POS,4,Software-QR,2024-05-30,True
2436,1159,POS,9,Ingenico,2024-04-11,True
2437,1159,POS,10,PAX,2024-04-19,True
2438,1159,POS,4,PAX,2023-12-11,True
2439,1159,POS,5,PAX,2024-05-25,True
2440,1159,POS,5,Ingenico,2024-03-23,True
2441,1159,POS,10,Verifone-old,2024-03-27,True
2442,1159,QR,5,Verifone,2024-03-27,False
2443,1160,POS,4,Software-QR,2025-08-28,True
2444,1160,POS,4,Ingenico,2025-08-17,True
2445,1161,POS,7,Software-QR,2021-03-04,True
2446,1162,POS,3,Verifone,2024-07-27,True
2447,1163,QR,11,Ingenico,2024-06-13,True
2448,1164,POS,1,Verifone,2020-09-30,True
2449,1164,POS,1,Software-QR,2021-02-25,True
2450,1164,QR,1,PAX,2021-03-02,True
2451,1164,POS,1,PAX,2020-10-17,True
2452,1164,POS,1,Ingenico,2020-10-25,True
2453,1164,QR,1,PAX,2021-01-09,False
2454,1165,POS,13,Verifone-old,2025-01-30,True
2455,1166,POS,9,Verifone,2024-04-02,True
2456,1166,POS,9,Software-QR,2024-07-13,True
2457,1167,POS,10,Ingenico,2022-05-29,True
2458,1168,POS,3,Ingenico,2023-03-01,True
2459,1169,POS,10,PAX,2022-11-23,True
2460,1170,POS,1,Verifone-old,2025-10-24,True
2461,1171,ECOM,7,Ingenico,2025-10-31,True
2462,1172,POS,1,PAX,2025-01-21,True
2463,1173,POS,1,Ingenico,2024-03-26,False
2464,1174,POS,3,Verifone,2020-11-18,True
2465,1175,POS,2,Ingenico,2025-10-06,True
2466,1176,POS,2,Verifone,2021-03-05,True
2467,1176,POS,2,Software-QR,2020-12-07,True
2468,1177,POS,9,Ingenico,2021-04-09,True
2469,1177,POS,9,Verifone,2021-05-31,True
2470,1177,QR,9,Verifone,2021-04-19,True
2471,1177,POS,9,Verifone,2021-02-04,True
2472,1178,POS,1,Verifone-old,2020-08-20,True
2473,1178,POS,1,PAX,2020-09-18,True
2474,1179,POS,7,Verifone,2025-09-16,True
2475,1180,POS,1,PAX,2022-11-01,True
2476,1180,POS,1,Software-QR,2022-12-17,True
2477,1181,QR,8,Software-QR,2021-07-24,False
2478,1181,POS,8,Ingenico,2021-09-08,True
2479,1181,POS,8,PAX,2021-08-05,True
2480,1181,POS,8,Verifone,2021-07-13,True
2481,1182,POS,8,PAX,2020-08-02,True
2482,1183,POS,2,Verifone,2022-06-05,True
2483,1183,POS,2,PAX,2022-06-20,True
2484,1184,POS,7,PAX,2024-06-06,True
2485,1185,POS,11,Verifone,2026-01-21,True
2486,1186,POS,9,Verifone,2023-06-22,True
2487,1186,POS,9,Verifone,2023-06-10,True
2488,1187,ECOM,2,Ingenico,2024-01-09,True
2489,1187,ECOM,2,Verifone-old,2023-08-23,True
2490,1187,ECOM,10,Software-QR,2023-12-03,True
2491,1187,ECOM,2,Verifone,2023-10-08,True
2492,1187,POS,2,Verifone,2024-01-02,True
2493,1188,POS,3,PAX,2024-11-17,True
2494,1189,POS,8,PAX,2025-08-18,True
2495,1189,POS,8,Ingenico,2025-08-14,True
2496,1189,POS,8,PAX,2025-07-25,True
2497,1189,POS,8,Verifone-old,2025-04-19,True
2498,1189,POS,8,Software-QR,2025-07-30,True
2499,1190,POS,1,Ingenico,2021-12-18,True
2500,1191,QR,9,Verifone,2026-01-09,False
2501,1192,QR,2,PAX,2023-05-08,True
2502,1192,POS,2,Verifone,2023-01-22,True
2503,1192,ECOM,2,Verifone,2023-05-25,True
2504,1192,ECOM,2,Verifone-old,2023-03-13,True
2505,1192,POS,2,Ingenico,2023-01-15,True
2506,1193,QR,9,PAX,2025-11-18,True
2507,1193,POS,9,PAX,2025-05-07,True
2508,1193,POS,9,Ingenico,2025-09-04,True
2509,1194,POS,1,Verifone,2021-02-26,False
2510,1195,POS,1,Ingenico,2020-11-13,True
2511,1196,POS,14,Ingenico,2025-04-27,True
2512,1196,POS,14,Ingenico,2025-04-26,True
2513,1196,POS,14,Software-QR,2025-05-23,True
2514,1196,POS,14,PAX,2025-03-17,True
2515,1196,QR,14,PAX,2025-04-03,True
2516,1196,POS,9,Verifone,2025-06-30,True
2517,1196,POS,4,PAX,2025-03-16,True
2518,1197,POS,10,Ingenico,2024-02-29,True
2519,1198,POS,11,Ingenico,2021-02-14,True
2520,1198,POS,11,Ingenico,2021-01-09,True
2521,1199,POS,12,PAX,2025-03-30,False
2522,1200,POS,3,Verifone,2020-10-20,True
2523,1200,POS,3,Verifone-old,2020-08-30,True
2524,1200,POS,3,Ingenico,2021-01-05,True
2525,1200,POS,3,Verifone,2020-12-10,True
2526,1200,POS,3,Verifone,2020-10-02,True
2527,1200,QR,3,Ingenico,2020-08-07,True
